word,frequency,alreadyUsedAsWordle
which,0,0
there,0,0
their,0,0
about,0,0
would,0,0
these,0,0
other,0,0
words,0,0
could,0,0
write,0,0
first,0,0
water,0,0
after,0,0
where,0,0
right,0,0
think,0,0
three,0,0
years,0,0
place,0,0
sound,0,0
great,0,0
again,0,0
still,0,0
every,0,0
small,0,0
found,0,0
those,0,0
never,0,0
under,0,0
might,0,0
while,0,0
house,0,0
world,0,0
below,0,0
asked,0,0
going,0,0
large,0,0
until,0,0
along,0,0
shall,0,0
being,0,0
often,0,0
earth,0,0
began,0,0
since,0,0
study,0,0
night,0,0
light,0,0
above,0,0
paper,0,0
parts,0,0
young,0,0
story,0,0
point,0,0
times,0,0
heard,0,0
whole,0,0
white,0,0
given,0,0
means,0,0
music,0,0
miles,0,0
thing,0,0
today,0,0
later,0,0
using,0,0
money,0,0
lines,0,0
order,0,0
group,0,0
among,0,0
learn,0,0
known,0,0
space,0,0
table,0,0
early,0,0
trees,0,0
short,0,0
hands,0,0
state,0,0
black,0,0
shown,0,0
stood,0,0
front,0,0
voice,0,0
kinds,0,0
makes,0,0
comes,0,0
close,0,0
power,0,0
lived,0,0
vowel,0,0
taken,0,0
built,0,0
heart,0,0
ready,0,0
quite,0,0
class,0,0
bring,0,0
round,0,0
horse,0,0
shows,0,0
piece,0,0
green,0,0
stand,0,0
birds,0,0
start,0,0
river,0,0
tried,0,0
least,0,0
field,0,0
whose,0,0
girls,0,0
leave,0,0
added,0,0
color,0,0
third,0,0
hours,0,0
moved,0,0
plant,0,0
doing,0,0
names,0,0
forms,0,0
heavy,0,0
ideas,0,0
cried,0,0
check,0,0
floor,0,0
begin,0,0
woman,0,0
alone,0,0
plane,0,0
spell,0,0
watch,0,0
carry,0,0
wrote,0,0
clear,0,0
named,0,0
books,0,0
child,0,0
glass,0,0
human,0,0
takes,0,0
party,0,0
build,0,0
seems,0,0
blood,0,0
sides,0,0
seven,0,0
mouth,0,0
solve,0,0
north,0,0
value,0,0
death,0,0
maybe,0,0
happy,0,0
tells,0,0
gives,0,0
looks,0,0
shape,0,0
lives,0,0
steps,0,0
areas,0,0
sense,0,0
speak,0,0
force,0,0
ocean,0,0
speed,0,0
women,0,0
metal,0,0
south,0,0
grass,0,0
scale,0,0
cells,0,0
lower,0,0
sleep,0,0
wrong,0,0
pages,0,0
ships,0,0
needs,0,0
rocks,0,0
eight,0,0
major,0,0
level,0,0
total,0,0
ahead,0,0
reach,0,0
stars,0,0
store,0,0
sight,0,0
terms,0,0
catch,0,0
works,0,0
board,0,0
cover,0,0
songs,0,0
equal,0,0
stone,0,0
waves,0,0
guess,0,0
dance,0,0
spoke,0,0
break,0,0
cause,0,0
radio,0,0
weeks,0,0
lands,0,0
basic,0,0
liked,0,0
trade,0,0
fresh,0,0
final,0,0
fight,0,0
meant,0,0
drive,0,0
spent,0,0
local,0,0
waxes,0,0
knows,0,0
train,0,0
bread,0,0
homes,0,0
teeth,0,0
coast,0,0
thick,0,0
brown,0,0
clean,0,0
quiet,0,0
sugar,0,0
facts,0,0
steel,0,0
forth,0,0
rules,0,0
notes,0,0
units,0,0
peace,0,0
month,0,0
verbs,0,0
seeds,0,0
helps,0,0
sharp,0,0
visit,0,0
woods,0,0
chief,0,0
walls,0,0
cross,0,0
wings,0,0
grown,0,0
cases,0,0
foods,0,0
crops,0,0
fruit,0,0
stick,0,0
wants,0,0
stage,0,0
sheep,0,0
nouns,0,0
plain,0,0
drink,0,0
bones,0,0
apart,0,0
turns,0,0
moves,0,0
touch,0,0
angle,0,0
based,0,0
range,0,0
marks,0,0
tired,0,0
older,0,0
farms,0,0
spend,0,0
shoes,0,0
goods,0,0
chair,0,0
twice,0,0
cents,0,0
empty,0,0
alike,0,0
style,0,0
broke,0,0
pairs,0,0
count,0,0
enjoy,0,0
score,0,0
shore,0,0
roots,0,0
paint,0,0
heads,0,0
shook,0,0
serve,0,0
angry,0,0
crowd,0,0
wheel,0,0
quick,0,0
dress,0,0
share,0,0
alive,0,0
noise,0,0
solid,0,0
cloth,0,0
signs,0,0
hills,0,0
types,0,0
drawn,0,0
worth,0,0
truck,0,0
piano,0,0
upper,0,0
loved,0,0
usual,0,0
faces,0,0
drove,0,0
cabin,0,0
boats,0,0
towns,0,0
proud,0,0
court,0,0
model,0,0
prime,0,0
fifty,0,0
plans,0,0
yards,0,0
prove,0,0
tools,0,0
price,0,0
sheet,0,0
smell,0,0
boxes,0,0
raise,0,0
match,0,0
truth,0,0
roads,0,0
threw,0,0
enemy,0,0
lunch,0,0
chart,0,0
scene,0,0
graph,0,0
doubt,0,0
guide,0,0
winds,0,0
block,0,0
grain,0,0
smoke,0,0
mixed,0,0
games,0,0
wagon,0,0
sweet,0,0
topic,0,0
extra,0,0
plate,0,0
title,0,0
knife,0,0
fence,0,0
falls,0,0
cloud,0,0
wheat,0,0
plays,0,0
enter,0,0
broad,0,0
steam,0,0
atoms,0,0
press,0,0
lying,0,0
basis,0,0
clock,0,0
taste,0,0
grows,0,0
thank,0,0
storm,0,0
agree,0,0
brain,0,0
track,0,0
smile,0,0
funny,0,0
beach,0,0
stock,0,0
hurry,0,0
saved,0,0
sorry,0,0
giant,0,0
trail,0,0
offer,0,0
ought,0,0
rough,0,0
daily,0,0
avoid,0,0
keeps,0,0
throw,0,0
allow,0,0
cream,0,0
laugh,0,0
edges,0,0
teach,0,0
frame,0,0
bells,0,0
dream,0,0
magic,0,0
occur,0,0
ended,0,0
chord,0,0
false,0,0
skill,0,0
holes,0,0
dozen,0,0
brave,0,0
apple,0,0
climb,0,0
outer,0,0
pitch,0,0
ruler,0,0
holds,0,0
fixed,0,0
costs,0,0
calls,0,0
blank,0,0
staff,0,0
labor,0,0
eaten,0,0
youth,0,0
tones,0,0
honor,0,0
globe,0,0
gases,0,0
doors,0,0
poles,0,0
loose,0,0
apply,0,0
tears,0,0
exact,0,0
brush,0,0
chest,0,0
layer,0,0
whale,0,0
minor,0,0
faith,0,0
tests,0,0
judge,0,0
items,0,0
worry,0,0
waste,0,0
hoped,0,0
strip,0,0
begun,0,0
aside,0,0
lakes,0,0
bound,0,0
depth,0,0
candy,0,0
event,0,0
worse,0,0
aware,0,0
shell,0,0
rooms,0,0
ranch,0,0
image,0,0
snake,0,0
aloud,0,0
dried,0,0
likes,0,0
motor,0,0
pound,0,0
knees,0,0
refer,0,0
fully,0,0
chain,0,0
shirt,0,0
flour,0,0
drops,0,0
spite,0,0
orbit,0,0
banks,0,0
shoot,0,0
curve,0,0
tribe,0,0
tight,0,0
blind,0,0
slept,0,0
shade,0,0
claim,0,0
flies,0,0
theme,0,0
queen,0,0
fifth,0,0
union,0,0
hence,0,0
straw,0,0
entry,0,0
issue,0,0
birth,0,0
feels,0,0
anger,0,0
brief,0,0
rhyme,0,0
glory,0,0
guard,0,0
flows,0,0
flesh,0,0
owned,0,0
trick,0,0
yours,0,0
sizes,0,0
noted,0,0
width,0,0
burst,0,0
route,0,0
lungs,0,0
uncle,0,0
bears,0,0
royal,0,0
kings,0,0
forty,0,0
trial,0,0
cards,0,0
brass,0,0
opera,0,0
chose,0,0
owner,0,0
vapor,0,0
beats,0,0
mouse,0,0
tough,0,0
wires,0,0
meter,0,0
tower,0,0
finds,0,0
inner,0,0
stuck,0,0
arrow,0,0
poems,0,0
label,0,0
swing,0,0
solar,0,0
truly,0,0
tense,0,0
beans,0,0
split,0,0
rises,0,0
weigh,0,0
hotel,0,0
stems,0,0
pride,0,0
swung,0,0
grade,0,0
digit,0,0
badly,0,0
boots,0,0
pilot,0,0
sales,0,0
swept,0,0
lucky,0,0
prize,0,0
stove,0,0
tubes,0,0
acres,0,0
wound,0,0
steep,0,0
slide,0,0
trunk,0,0
error,0,0
porch,0,0
slave,0,0
exist,0,0
faced,0,0
mines,0,0
marry,0,0
juice,0,0
raced,0,0
waved,0,0
goose,0,0
trust,0,0
fewer,0,0
favor,0,0
mills,0,0
views,0,0
joint,0,0
eager,0,0
spots,0,0
blend,0,0
rings,0,0
adult,0,0
index,0,0
nails,0,0
horns,0,0
balls,0,0
flame,0,0
rates,0,0
drill,0,0
trace,0,0
skins,0,0
waxed,0,0
seats,0,0
stuff,0,0
ratio,0,0
minds,0,0
dirty,0,0
silly,0,0
coins,0,0
hello,0,0
trips,0,0
leads,0,0
rifle,0,0
hopes,0,0
bases,0,0
shine,0,0
bench,0,0
moral,0,0
fires,0,0
meals,0,0
shake,0,0
shops,0,0
cycle,0,0
movie,0,0
slope,0,0
canoe,0,0
teams,0,0
folks,0,0
fired,0,0
bands,0,0
thumb,0,0
shout,0,0
canal,0,0
habit,0,0
reply,0,0
ruled,0,0
fever,0,0
crust,0,0
shelf,0,0
walks,0,0
midst,0,0
crack,0,0
print,0,0
tales,0,0
coach,0,0
stiff,0,0
flood,0,0
verse,0,0
awake,0,0
rocky,0,0
march,0,0
fault,0,0
swift,0,0
faint,0,0
civil,0,0
ghost,0,0
feast,0,0
blade,0,0
limit,0,0
germs,0,0
reads,0,0
ducks,0,0
dairy,0,0
worst,0,0
gifts,0,0
lists,0,0
stops,0,0
rapid,0,0
brick,0,0
claws,0,0
beads,0,0
beast,0,0
skirt,0,0
cakes,0,0
lions,0,0
frogs,0,0
tries,0,0
nerve,0,0
grand,0,0
armed,0,0
treat,0,0
honey,0,0
moist,0,0
legal,0,0
penny,0,0
crown,0,0
shock,0,0
taxes,0,0
sixty,0,0
altar,0,0
pulls,0,0
sport,0,0
drums,0,0
talks,0,0
dying,0,0
dates,0,0
drank,0,0
blows,0,0
lever,0,0
wages,0,0
proof,0,0
drugs,0,0
tanks,0,0
sings,0,0
tails,0,0
pause,0,0
herds,0,0
arose,0,0
hated,0,0
clues,0,0
novel,0,0
shame,0,0
burnt,0,0
races,0,0
flash,0,0
weary,0,0
heels,0,0
token,0,0
coats,0,0
spare,0,0
shiny,0,0
alarm,0,0
dimes,0,0
sixth,0,0
clerk,0,0
mercy,0,0
sunny,0,0
guest,0,0
float,0,0
shone,0,0
pipes,0,0
worms,0,0
bills,0,0
sweat,0,0
suits,0,0
smart,0,0
upset,0,0
rains,0,0
sandy,0,0
rainy,0,0
parks,0,0
sadly,0,0
fancy,0,0
rider,0,0
unity,0,0
bunch,0,0
rolls,0,0
crash,0,0
craft,0,0
newly,0,0
gates,0,0
hatch,0,0
paths,0,0
funds,0,0
wider,0,0
grace,0,0
grave,0,0
tides,0,0
admit,0,0
shift,0,0
sails,0,0
pupil,0,0
tiger,0,0
angel,0,0
cruel,0,0
agent,0,0
drama,0,0
urged,0,0
patch,0,0
nests,0,0
vital,0,0
sword,0,0
blame,0,0
weeds,0,0
screw,0,0
vocal,0,0
bacon,0,0
chalk,0,0
cargo,0,0
crazy,0,0
acted,0,0
goats,0,0
arise,0,0
witch,0,0
loves,0,0
queer,0,0
dwell,0,0
backs,0,0
ropes,0,0
shots,0,0
merry,0,0
phone,0,0
cheek,0,0
peaks,0,0
ideal,0,0
beard,0,0
eagle,0,0
creek,0,0
cries,0,0
ashes,0,0
stall,0,0
yield,0,0
mayor,0,0
opens,0,0
input,0,0
fleet,0,0
tooth,0,0
cubic,0,0
wives,0,0
burns,0,0
poets,0,0
apron,0,0
spear,0,0
organ,0,0
cliff,0,0
stamp,0,0
paste,0,0
rural,0,0
baked,0,0
chase,0,0
slice,0,0
slant,0,0
knock,0,0
noisy,0,0
sorts,0,0
stays,0,0
wiped,0,0
blown,0,0
piled,0,0
clubs,0,0
cheer,0,0
widow,0,0
twist,0,0
tenth,0,0
hides,0,0
comma,0,0
sweep,0,0
spoon,0,0
stern,0,0
crept,0,0
maple,0,0
deeds,0,0
rides,0,0
muddy,0,0
crime,0,0
jelly,0,0
ridge,0,0
drift,0,0
dusty,0,0
devil,0,0
tempo,0,0
humor,0,0
sends,0,0
steal,0,0
tents,0,0
waist,0,0
roses,0,0
reign,0,0
noble,0,0
cheap,0,0
dense,0,0
linen,0,0
geese,0,0
woven,0,0
posts,0,0
hired,0,0
wrath,0,0
salad,0,0
bowed,0,0
tires,0,0
shark,0,0
belts,0,0
grasp,0,0
blast,0,0
polar,0,0
fungi,0,0
tends,0,0
pearl,0,0
loads,0,0
jokes,0,0
veins,0,0
frost,0,0
hears,0,0
loses,0,0
hosts,0,0
diver,0,0
phase,0,0
toads,0,0
alert,0,0
tasks,0,0
seams,0,0
coral,0,0
focus,0,0
naked,0,0
puppy,0,0
jumps,0,0
spoil,0,0
quart,0,0
macro,0,0
fears,0,0
flung,0,0
spark,0,0
vivid,0,0
brook,0,0
steer,0,0
spray,0,0
decay,0,0
ports,0,0
socks,0,0
urban,0,0
goals,0,0
grant,0,0
minus,0,0
films,0,0
tunes,0,0
shaft,0,0
firms,0,0
skies,0,0
bride,0,0
wreck,0,0
flock,0,0
stare,0,0
hobby,0,0
bonds,0,0
dared,0,0
faded,0,0
thief,0,0
crude,0,0
pants,0,0
flute,0,0
votes,0,0
tonal,0,0
radar,0,0
wells,0,0
skull,0,0
hairs,0,0
argue,0,0
wears,0,0
dolls,0,0
voted,0,0
caves,0,0
cared,0,0
broom,0,0
scent,0,0
panel,0,0
fairy,0,0
olive,0,0
bends,0,0
prism,0,0
lamps,0,0
cable,0,0
peach,0,0
ruins,0,0
rally,0,0
schwa,0,0
lambs,0,0
sells,0,0
cools,0,0
draft,0,0
charm,0,0
limbs,0,0
brake,0,0
gazed,0,0
cubes,0,0
delay,0,0
beams,0,0
fetch,0,0
ranks,0,0
array,0,0
harsh,0,0
camel,0,0
vines,0,0
picks,0,0
naval,0,0
purse,0,0
rigid,0,0
crawl,0,0
toast,0,0
soils,0,0
sauce,0,0
basin,0,0
ponds,0,0
twins,0,0
wrist,0,0
fluid,0,0
pools,0,0
brand,0,0
stalk,0,0
robot,0,0
reeds,0,0
hoofs,0,0
buses,0,0
sheer,0,0
grief,0,0
bloom,0,0
dwelt,0,0
melts,0,0
risen,0,0
flags,0,0
knelt,0,0
fiber,0,0
roofs,0,0
freed,0,0
armor,0,0
piles,0,0
aimed,0,0
algae,0,0
twigs,0,0
lemon,0,0
ditch,0,0
drunk,0,0
rests,0,0
chill,0,0
slain,0,0
panic,0,0
cords,0,0
tuned,0,0
crisp,0,0
ledge,0,0
dived,0,0
swamp,0,0
clung,0,0
stole,0,0
molds,0,0
yarns,0,0
liver,0,0
gauge,0,0
breed,0,0
stool,0,0
gulls,0,0
awoke,0,0
gross,0,0
diary,0,0
rails,0,0
belly,0,0
trend,0,0
flask,0,0
stake,0,0
fried,0,0
draws,0,0
actor,0,0
handy,0,0
bowls,0,0
haste,0,0
scope,0,0
deals,0,0
knots,0,0
moons,0,0
essay,0,0
thump,0,0
hangs,0,0
bliss,0,0
dealt,0,0
gains,0,0
bombs,0,0
clown,0,0
palms,0,0
cones,0,0
roast,0,0
tidal,0,0
bored,0,0
chant,0,0
acids,0,0
dough,0,0
camps,0,0
swore,0,0
lover,0,0
hooks,0,0
males,0,0
cocoa,0,0
punch,0,0
award,0,0
reins,0,0
ninth,0,0
noses,0,0
links,0,0
drain,0,0
fills,0,0
nylon,0,0
lunar,0,0
pulse,0,0
flown,0,0
elbow,0,0
fatal,0,0
sites,0,0
moths,0,0
meats,0,0
foxes,0,0
mined,0,0
attic,0,0
fiery,0,0
mount,0,0
usage,0,0
swear,0,0
snowy,0,0
rusty,0,0
scare,0,0
traps,0,0
relax,0,0
react,0,0
valid,0,0
robin,0,0
cease,0,0
gills,0,0
prior,0,0
safer,0,0
polio,0,0
loyal,0,0
swell,0,0
salty,0,0
marsh,0,0
vague,0,0
weave,0,0
mound,0,0
seals,0,0
mules,0,0
virus,0,0
scout,0,0
acute,0,0
windy,0,0
stout,0,0
folds,0,0
seize,0,0
hilly,0,0
joins,0,0
pluck,0,0
stack,0,0
lords,0,0
dunes,0,0
burro,0,0
hawks,0,0
trout,0,0
feeds,0,0
scarf,0,0
halls,0,0
coals,0,0
towel,0,0
souls,0,0
elect,0,0
buggy,0,0
pumps,0,0
loans,0,0
spins,0,0
files,0,0
oxide,0,0
pains,0,0
photo,0,0
rival,0,0
flats,0,0
syrup,0,0
rodeo,0,0
sands,0,0
moose,0,0
pints,0,0
curly,0,0
comic,0,0
cloak,0,0
onion,0,0
clams,0,0
scrap,0,0
didst,0,0
couch,0,0
codes,0,0
fails,0,0
ounce,0,0
lodge,0,0
greet,0,0
gypsy,0,0
utter,0,0
paved,0,0
zones,0,0
fours,0,0
alley,0,0
tiles,0,0
bless,0,0
crest,0,0
elder,0,0
kills,0,0
yeast,0,0
erect,0,0
bugle,0,0
medal,0,0
roles,0,0
hound,0,0
snail,0,0
alter,0,0
ankle,0,0
relay,0,0
loops,0,0
zeros,0,0
bites,0,0
modes,0,0
debts,0,0
realm,0,0
glove,0,0
rayon,0,0
swims,0,0
poked,0,0
stray,0,0
lifts,0,0
maker,0,0
lumps,0,0
graze,0,0
dread,0,0
barns,0,0
docks,0,0
masts,0,0
pours,0,0
wharf,0,0
curse,0,0
plump,0,0
robes,0,0
seeks,0,0
cedar,0,0
curls,0,0
jolly,0,0
myths,0,0
cages,0,0
gloom,0,0
locks,0,0
pedal,0,0
beets,0,0
crows,0,0
anode,0,0
slash,0,0
creep,0,0
rowed,0,0
chips,0,0
fists,0,0
wines,0,0
cares,0,0
valve,0,0
newer,0,0
motel,0,0
ivory,0,0
necks,0,0
clamp,0,0
barge,0,0
blues,0,0
alien,0,0
frown,0,0
strap,0,0
crews,0,0
shack,0,0
gonna,0,0
saves,0,0
stump,0,0
ferry,0,0
idols,0,0
cooks,0,0
juicy,0,0
glare,0,0
carts,0,0
alloy,0,0
bulbs,0,0
lawns,0,0
lasts,0,0
fuels,0,0
oddly,0,0
crane,0,0
filed,0,0
weird,0,0
shawl,0,0
slips,0,0
troop,0,0
bolts,0,0
suite,0,0
sleek,0,0
quilt,0,0
tramp,0,0
blaze,0,0
atlas,0,0
odors,0,0
scrub,0,0
crabs,0,0
probe,0,0
logic,0,0
adobe,0,0
exile,0,0
rebel,0,0
grind,0,0
sting,0,0
spine,0,0
cling,0,0
desks,0,0
grove,0,0
leaps,0,0
prose,0,0
lofty,0,0
agony,0,0
snare,0,0
tusks,0,0
bulls,0,0
moods,0,0
humid,0,0
finer,0,0
dimly,0,0
plank,0,0
china,0,0
pines,0,0
guilt,0,0
sacks,0,0
brace,0,0
quote,0,0
lathe,0,0
gaily,0,0
fonts,0,0
scalp,0,0
adopt,0,0
foggy,0,0
ferns,0,0
grams,0,0
clump,0,0
perch,0,0
tumor,0,0
teens,0,0
crank,0,0
fable,0,0
hedge,0,0
genes,0,0
sober,0,0
boast,0,0
tract,0,0
cigar,0,0
unite,0,0
owing,0,0
thigh,0,0
haiku,0,0
swish,0,0
dikes,0,0
wedge,0,0
booth,0,0
eased,0,0
frail,0,0
cough,0,0
tombs,0,0
darts,0,0
forts,0,0
choir,0,0
pouch,0,0
pinch,0,0
hairy,0,0
buyer,0,0
torch,0,0
vigor,0,0
waltz,0,0
heats,0,0
herbs,0,0
users,0,0
flint,0,0
click,0,0
madam,0,0
bleak,0,0
blunt,0,0
aided,0,0
lacks,0,0
masks,0,0
waded,0,0
risks,0,0
nurse,0,0
chaos,0,0
sewed,0,0
cured,0,0
ample,0,0
lease,0,0
steak,0,0
sinks,0,0
merit,0,0
bluff,0,0
bathe,0,0
gleam,0,0
bonus,0,0
colts,0,0
shear,0,0
gland,0,0
silky,0,0
skate,0,0
birch,0,0
anvil,0,0
sleds,0,0
groan,0,0
maids,0,0
meets,0,0
speck,0,0
hymns,0,0
hints,0,0
drown,0,0
bosom,0,0
slick,0,0
quest,0,0
coils,0,0
spied,0,0
snows,0,0
stead,0,0
snack,0,0
plows,0,0
blond,0,0
tamed,0,0
thorn,0,0
waits,0,0
glued,0,0
banjo,0,0
tease,0,0
arena,0,0
bulky,0,0
carve,0,0
stunt,0,0
warms,0,0
shady,0,0
razor,0,0
folly,0,0
leafy,0,0
notch,0,0
fools,0,0
otter,0,0
pears,0,0
flush,0,0
genus,0,0
ached,0,0
fives,0,0
flaps,0,0
spout,0,0
smote,0,0
fumes,0,0
adapt,0,0
cuffs,0,0
tasty,0,0
stoop,0,0
clips,0,0
disks,0,0
sniff,0,0
lanes,0,0
brisk,0,0
imply,0,0
demon,0,0
super,0,0
furry,0,0
raged,0,0
growl,0,0
texts,0,0
hardy,0,0
stung,0,0
typed,0,0
hates,0,0
wiser,0,0
timid,0,0
serum,0,0
beaks,0,0
rotor,0,0
casts,0,0
baths,0,0
glide,0,0
plots,0,0
trait,0,0
resin,0,0
slums,0,0
lyric,0,0
puffs,0,0
decks,0,0
brood,0,0
mourn,0,0
aloft,0,0
abuse,0,0
whirl,0,0
edged,0,0
ovary,0,0
quack,0,0
heaps,0,0
slang,0,0
await,0,0
civic,0,0
saint,0,0
bevel,0,0
sonar,0,0
aunts,0,0
packs,0,0
froze,0,0
tonic,0,0
corps,0,0
swarm,0,0
frank,0,0
repay,0,0
gaunt,0,0
wired,0,0
niece,0,0
cello,0,0
needy,0,0
chuck,0,0
stony,0,0
media,0,0
surge,0,0
hurts,0,0
repel,0,0
husky,0,0
dated,0,0
hunts,0,0
mists,0,0
exert,0,0
dries,0,0
mates,0,0
sworn,0,0
baker,0,0
spice,0,0
oasis,0,0
boils,0,0
spurs,0,0
doves,0,0
sneak,0,0
paces,0,0
colon,0,0
siege,0,0
strum,0,0
drier,0,0
cacao,0,0
humus,0,0
bales,0,0
piped,0,0
nasty,0,0
rinse,0,0
boxer,0,0
shrub,0,0
amuse,0,0
tacks,0,0
cited,0,0
slung,0,0
delta,0,0
laden,0,0
larva,0,0
rents,0,0
yells,0,0
spool,0,0
spill,0,0
crush,0,0
jewel,0,0
snaps,0,0
stain,0,0
kicks,0,0
tying,0,0
slits,0,0
rated,0,0
eerie,0,0
smash,0,0
plums,0,0
zebra,0,0
earns,0,0
bushy,0,0
scary,0,0
squad,0,0
tutor,0,0
silks,0,0
slabs,0,0
bumps,0,0
evils,0,0
fangs,0,0
snout,0,0
peril,0,0
pivot,0,0
yacht,0,0
lobby,0,0
jeans,0,0
grins,0,0
viola,0,0
liner,0,0
comet,0,0
scars,0,0
chops,0,0
raids,0,0
eater,0,0
slate,0,0
skips,0,0
soles,0,0
misty,0,0
urine,0,0
knobs,0,0
sleet,0,0
holly,0,0
pests,0,0
forks,0,0
grill,0,0
trays,0,0
pails,0,0
borne,0,0
tenor,0,0
wares,0,0
carol,0,0
woody,0,0
canon,0,0
wakes,0,0
kitty,0,0
miner,0,0
polls,0,0
shaky,0,0
nasal,0,0
scorn,0,0
chess,0,0
taxis,0,0
crate,0,0
shyly,0,0
tulip,0,0
forge,0,0
nymph,0,0
budge,0,0
lowly,0,0
abide,0,0
depot,0,0
oases,0,0
asses,0,0
sheds,0,0
fudge,0,0
pills,0,0
rivet,0,0
thine,0,0
groom,0,0
lanky,0,0
boost,0,0
broth,0,0
heave,0,0
gravy,0,0
beech,0,0
timed,0,0
quail,0,0
inert,0,0
gears,0,0
chick,0,0
hinge,0,0
trash,0,0
clash,0,0
sighs,0,0
renew,0,0
bough,0,0
dwarf,0,0
slows,0,0
quill,0,0
shave,0,0
spore,0,0
sixes,0,0
chunk,0,0
madly,0,0
paced,0,0
braid,0,0
fuzzy,0,0
motto,0,0
spies,0,0
slack,0,0
mucus,0,0
magma,0,0
awful,0,0
discs,0,0
erase,0,0
posed,0,0
asset,0,0
cider,0,0
taper,0,0
theft,0,0
churn,0,0
satin,0,0
slots,0,0
taxed,0,0
bully,0,0
sloth,0,0
shale,0,0
tread,0,0
raked,0,0
curds,0,0
manor,0,0
aisle,0,0
bulge,0,0
loins,0,0
stair,0,0
tapes,0,0
leans,0,0
bunks,0,0
squat,0,0
towed,0,0
lance,0,0
panes,0,0
sakes,0,0
heirs,0,0
caste,0,0
dummy,0,0
pores,0,0
fauna,0,0
crook,0,0
poise,0,0
epoch,0,0
risky,0,0
warns,0,0
fling,0,0
berry,0,0
grape,0,0
flank,0,0
drags,0,0
squid,0,0
pelts,0,0
icing,0,0
irony,0,0
irons,0,0
barks,0,0
whoop,0,0
choke,0,0
diets,0,0
whips,0,0
tally,0,0
dozed,0,0
twine,0,0
kites,0,0
bikes,0,0
ticks,0,0
riots,0,0
roars,0,0
vault,0,0
looms,0,0
scold,0,0
blink,0,0
dandy,0,0
pupae,0,0
sieve,0,0
spike,0,0
ducts,0,0
lends,0,0
pizza,0,0
brink,0,0
widen,0,0
plumb,0,0
pagan,0,0
feats,0,0
bison,0,0
soggy,0,0
scoop,0,0
argon,0,0
nudge,0,0
skiff,0,0
amber,0,0
sexes,0,0
rouse,0,0
salts,0,0
hitch,0,0
exalt,0,0
leash,0,0
dined,0,0
chute,0,0
snort,0,0
gusts,0,0
melon,0,0
cheat,0,0
reefs,0,0
llama,0,0
lasso,0,0
debut,0,0
quota,0,0
oaths,0,0
prone,0,0
mixes,0,0
rafts,0,0
dives,0,0
stale,0,0
inlet,0,0
flick,0,0
pinto,0,0
brows,0,0
untie,0,0
batch,0,0
greed,0,0
chore,0,0
stirs,0,0
blush,0,0
onset,0,0
barbs,0,0
volts,0,0
beige,0,0
swoop,0,0
paddy,0,0
laced,0,0
shove,0,0
jerky,0,0
poppy,0,0
leaks,0,0
fares,0,0
dodge,0,0
godly,0,0
squaw,0,0
affix,0,0
brute,0,0
nicer,0,0
undue,0,0
snarl,0,0
merge,0,0
doses,0,0
showy,0,0
daddy,0,0
roost,0,0
vases,0,0
swirl,0,0
petty,0,0
colds,0,0
curry,0,0
cobra,0,0
genie,0,0
flare,0,0
messy,0,0
cores,0,0
soaks,0,0
ripen,0,0
whine,0,0
amino,0,0
plaid,0,0
spiny,0,0
mowed,0,0
baton,0,0
peers,0,0
vowed,0,0
pious,0,0
swans,0,0
exits,0,0
afoot,0,0
plugs,0,0
idiom,0,0
chili,0,0
rites,0,0
serfs,0,0
cleft,0,0
berth,0,0
grubs,0,0
annex,0,0
dizzy,0,0
hasty,0,0
latch,0,0
wasps,0,0
mirth,0,0
baron,0,0
plead,0,0
aloof,0,0
aging,0,0
pixel,0,0
bared,0,0
mummy,0,0
hotly,0,0
auger,0,0
buddy,0,0
chaps,0,0
badge,0,0
stark,0,0
fairs,0,0
gully,0,0
mumps,0,0
emery,0,0
filly,0,0
ovens,0,0
drone,0,0
gauze,0,0
idiot,0,0
fussy,0,0
annoy,0,0
shank,0,0
gouge,0,0
bleed,0,0
elves,0,0
roped,0,0
unfit,0,0
baggy,0,0
mower,0,0
scant,0,0
grabs,0,0
fleas,0,0
lousy,0,0
album,0,0
sawed,0,0
cooky,0,0
murky,0,0
infer,0,0
burly,0,0
waged,0,0
dingy,0,0
brine,0,0
kneel,0,0
creak,0,0
vanes,0,0
smoky,0,0
spurt,0,0
combs,0,0
easel,0,0
laces,0,0
humps,0,0
rumor,0,0
aroma,0,0
horde,0,0
swiss,0,0
leapt,0,0
opium,0,0
slime,0,0
afire,0,0
pansy,0,0
mares,0,0
soaps,0,0
husks,0,0
snips,0,0
hazel,0,0
lined,0,0
cafes,0,0
naive,0,0
wraps,0,0
sized,0,0
piers,0,0
beset,0,0
agile,0,0
tongs,0,0
steed,0,0
fraud,0,0
booty,0,0
valor,0,0
downy,0,0
witty,0,0
mossy,0,0
psalm,0,0
scuba,0,0
tours,0,0
polka,0,0
milky,0,0
gaudy,0,0
shrug,0,0
tufts,0,0
wilds,0,0
laser,0,0
truss,0,0
hares,0,0
creed,0,0
lilac,0,0
siren,0,0
tarry,0,0
bribe,0,0
swine,0,0
muted,0,0
flips,0,0
cures,0,0
sinew,0,0
boxed,0,0
hoops,0,0
gasps,0,0
hoods,0,0
niche,0,0
yucca,0,0
glows,0,0
sewer,0,0
whack,0,0
fuses,0,0
gowns,0,0
droop,0,0
bucks,0,0
pangs,0,0
mails,0,0
whisk,0,0
haven,0,0
clasp,0,0
sling,0,0
stint,0,0
urges,0,0
champ,0,0
piety,0,0
chirp,0,0
pleat,0,0
posse,0,0
sunup,0,0
menus,0,0
howls,0,0
quake,0,0
knack,0,0
plaza,0,0
fiend,0,0
caked,0,0
bangs,0,0
erupt,0,0
poker,0,0
olden,0,0
cramp,0,0
voter,0,0
poses,0,0
manly,0,0
slump,0,0
fined,0,0
grips,0,0
gaped,0,0
purge,0,0
hiked,0,0
maize,0,0
fluff,0,0
strut,0,0
sloop,0,0
prowl,0,0
roach,0,0
cocks,0,0
bland,0,0
dials,0,0
plume,0,0
slaps,0,0
soups,0,0
dully,0,0
wills,0,0
foams,0,0
solos,0,0
skier,0,0
eaves,0,0
totem,0,0
fused,0,0
latex,0,0
veils,0,0
mused,0,0
mains,0,0
myrrh,0,0
racks,0,0
galls,0,0
gnats,0,0
bouts,0,0
sisal,0,0
shuts,0,0
hoses,0,0
dryly,0,0
hover,0,0
gloss,0,0
seeps,0,0
denim,0,0
putty,0,0
guppy,0,0
leaky,0,0
dusky,0,0
filth,0,0
oboes,0,0
spans,0,0
fowls,0,0
adorn,0,0
glaze,0,0
haunt,0,0
dares,0,0
obeys,0,0
bakes,0,0
abyss,0,0
smelt,0,0
gangs,0,0
aches,0,0
trawl,0,0
claps,0,0
undid,0,0
spicy,0,0
hoist,0,0
fades,0,0
vicar,0,0
acorn,0,0
pussy,0,0
gruff,0,0
musty,0,0
tarts,0,0
snuff,0,0
hunch,0,0
truce,0,0
tweed,0,0
dryer,0,0
loser,0,0
sheaf,0,0
moles,0,0
lapse,0,0
tawny,0,0
vexed,0,0
autos,0,0
wager,0,0
domes,0,0
sheen,0,0
clang,0,0
spade,0,0
sowed,0,0
broil,0,0
slyly,0,0
studs,0,0
grunt,0,0
donor,0,0
slugs,0,0
aspen,0,0
homer,0,0
croak,0,0
tithe,0,0
halts,0,0
avert,0,0
havoc,0,0
hogan,0,0
glint,0,0
ruddy,0,0
jeeps,0,0
flaky,0,0
ladle,0,0
taunt,0,0
snore,0,0
fines,0,0
props,0,0
prune,0,0
pesos,0,0
radii,0,0
pokes,0,0
tiled,0,0
daisy,0,0
heron,0,0
villa,0,0
farce,0,0
binds,0,0
cites,0,0
fixes,0,0
jerks,0,0
livid,0,0
waked,0,0
inked,0,0
booms,0,0
chews,0,0
licks,0,0
hyena,0,0
scoff,0,0
lusty,0,0
sonic,0,0
smith,0,0
usher,0,0
tucks,0,0
vigil,0,0
molts,0,0
sects,0,0
spars,0,0
dumps,0,0
scaly,0,0
wisps,0,0
sores,0,0
mince,0,0
panda,0,0
flier,0,0
axles,0,0
plied,0,0
booby,0,0
patio,0,0
rabbi,0,0
petal,0,0
polyp,0,0
tints,0,0
grate,0,0
troll,0,0
tolls,0,0
relic,0,0
phony,0,0
bleat,0,0
flaws,0,0
flake,0,0
snags,0,0
aptly,0,0
drawl,0,0
ulcer,0,0
soapy,0,0
bossy,0,0
monks,0,0
crags,0,0
caged,0,0
twang,0,0
diner,0,0
taped,0,0
cadet,0,0
grids,0,0
spawn,0,0
guile,0,0
noose,0,0
mores,0,0
girth,0,0
slimy,0,0
aides,0,0
spasm,0,0
burrs,0,0
alibi,0,0
lymph,0,0
saucy,0,0
muggy,0,0
liter,0,0
joked,0,0
goofy,0,0
exams,0,0
enact,0,0
stork,0,0
lured,0,0
toxic,0,0
omens,0,0
nears,0,0
covet,0,0
wrung,0,0
forum,0,0
venom,0,0
moody,0,0
alder,0,0
sassy,0,0
flair,0,0
guild,0,0
prays,0,0
wrens,0,0
hauls,0,0
stave,0,0
tilts,0,0
pecks,0,0
stomp,0,0
gales,0,0
tempt,0,0
capes,0,0
mesas,0,0
omits,0,0
tepee,0,0
harry,0,0
wring,0,0
evoke,0,0
limes,0,0
cluck,0,0
lunge,0,0
highs,0,0
canes,0,0
giddy,0,0
lithe,0,0
verge,0,0
khaki,0,0
queue,0,0
loath,0,0
foyer,0,0
outdo,0,0
fared,0,0
deter,0,0
crumb,0,0
astir,0,0
spire,0,0
jumpy,0,0
extol,0,0
buoys,0,0
stubs,0,0
lucid,0,0
thong,0,0
afore,0,0
whiff,0,0
maxim,0,0
hulls,0,0
clogs,0,0
slats,0,0
jiffy,0,0
arbor,0,0
cinch,0,0
igloo,0,0
goody,0,0
gazes,0,0
dowel,0,0
calms,0,0
bitch,0,0
scowl,0,0
gulps,0,0
coded,0,0
waver,0,0
mason,0,0
lobes,0,0
ebony,0,0
flail,0,0
isles,0,0
clods,0,0
dazed,0,0
adept,0,0
oozed,0,0
sedan,0,0
clays,0,0
warts,0,0
ketch,0,0
skunk,0,0
manes,0,0
adore,0,0
sneer,0,0
mango,0,0
fiord,0,0
flora,0,0
roomy,0,0
minks,0,0
thaws,0,0
watts,0,0
freer,0,0
exult,0,0
plush,0,0
paled,0,0
twain,0,0
clink,0,0
scamp,0,0
pawed,0,0
grope,0,0
bravo,0,0
gable,0,0
stink,0,0
sever,0,0
waned,0,0
rarer,0,0
regal,0,0
wards,0,0
fawns,0,0
babes,0,0
unify,0,0
amend,0,0
oaken,0,0
glade,0,0
visor,0,0
hefty,0,0
nines,0,0
throb,0,0
pecan,0,0
butts,0,0
pence,0,0
sills,0,0
jails,0,0
flyer,0,0
saber,0,0
nomad,0,0
miter,0,0
beeps,0,0
domed,0,0
gulfs,0,0
curbs,0,0
heath,0,0
moors,0,0
aorta,0,0
larks,0,0
tangy,0,0
wryly,0,0
cheep,0,0
rages,0,0
evade,0,0
lures,0,0
freak,0,0
vogue,0,0
tunic,0,0
slams,0,0
knits,0,0
dumpy,0,0
mania,0,0
spits,0,0
firth,0,0
hikes,0,0
trots,0,0
nosed,0,0
clank,0,0
dogma,0,0
bloat,0,0
balsa,0,0
graft,0,0
middy,0,0
stile,0,0
keyed,0,0
finch,0,0
sperm,0,0
chaff,0,0
wiles,0,0
amigo,0,0
copra,0,0
amiss,0,0
eying,0,0
twirl,0,0
lurch,0,0
popes,0,0
chins,0,0
smock,0,0
tines,0,0
guise,0,0
grits,0,0
junks,0,0
shoal,0,0
cache,0,0
tapir,0,0
atoll,0,0
deity,0,0
toils,0,0
spree,0,0
mocks,0,0
scans,0,0
shorn,0,0
revel,0,0
raven,0,0
hoary,0,0
reels,0,0
scuff,0,0
mimic,0,0
weedy,0,0
corny,0,0
truer,0,0
rouge,0,0
ember,0,0
floes,0,0
torso,0,0
wipes,0,0
edict,0,0
sulky,0,0
recur,0,0
groin,0,0
baste,0,0
kinks,0,0
surer,0,0
piggy,0,0
moldy,0,0
franc,0,0
liars,0,0
inept,0,0
gusty,0,0
facet,0,0
jetty,0,0
equip,0,0
leper,0,0
slink,0,0
soars,0,0
cater,0,0
dowry,0,0
sided,0,0
yearn,0,0
decoy,0,0
taboo,0,0
ovals,0,0
heals,0,0
pleas,0,0
beret,0,0
spilt,0,0
gayly,0,0
rover,0,0
endow,0,0
pygmy,0,0
carat,0,0
abbey,0,0
vents,0,0
waken,0,0
chimp,0,0
fumed,0,0
sodas,0,0
vinyl,0,0
clout,0,0
wades,0,0
mites,0,0
smirk,0,0
bores,0,0
bunny,0,0
surly,0,0
frock,0,0
foray,0,0
purer,0,0
milks,0,0
query,0,0
mired,0,0
blare,0,0
froth,0,0
gruel,0,0
navel,0,0
paler,0,0
puffy,0,0
casks,0,0
grime,0,0
derby,0,0
mamma,0,0
gavel,0,0
teddy,0,0
vomit,0,0
moans,0,0
allot,0,0
defer,0,0
wield,0,0
viper,0,0
louse,0,0
erred,0,0
hewed,0,0
abhor,0,0
wrest,0,0
waxen,0,0
adage,0,0
ardor,0,0
stabs,0,0
pored,0,0
rondo,0,0
loped,0,0
fishy,0,0
bible,0,0
hires,0,0
foals,0,0
feuds,0,0
jambs,0,0
thuds,0,0
jeers,0,0
knead,0,0
quirk,0,0
rugby,0,0
expel,0,0
greys,0,0
rigor,0,0
ester,0,0
lyres,0,0
aback,0,0
glues,0,0
lotus,0,0
lurid,0,0
rungs,0,0
hutch,0,0
thyme,0,0
valet,0,0
tommy,0,0
yokes,0,0
epics,0,0
trill,0,0
pikes,0,0
ozone,0,0
caper,0,0
chime,0,0
frees,0,0
famed,0,0
leech,0,0
smite,0,0
neigh,0,0
erode,0,0
robed,0,0
hoard,0,0
salve,0,0
conic,0,0
gawky,0,0
craze,0,0
jacks,0,0
gloat,0,0
mushy,0,0
rumps,0,0
fetus,0,0
wince,0,0
pinks,0,0
shalt,0,0
toots,0,0
glens,0,0
cooed,0,0
rusts,0,0
stews,0,0
shred,0,0
parka,0,0
chugs,0,0
winks,0,0
clots,0,0
shrew,0,0
booed,0,0
filmy,0,0
juror,0,0
dents,0,0
gummy,0,0
grays,0,0
hooky,0,0
butte,0,0
dogie,0,0
poled,0,0
reams,0,0
fifes,0,0
spank,0,0
gayer,0,0
tepid,0,0
spook,0,0
taint,0,0
flirt,0,0
rogue,0,0
spiky,0,0
opals,0,0
miser,0,0
cocky,0,0
coyly,0,0
balmy,0,0
slosh,0,0
brawl,0,0
aphid,0,0
faked,0,0
hydra,0,0
brags,0,0
chide,0,0
yanks,0,0
allay,0,0
video,0,0
altos,0,0
eases,0,0
meted,0,0
chasm,0,0
longs,0,0
excel,0,0
taffy,0,0
impel,0,0
savor,0,0
koala,0,0
quays,0,0
dawns,0,0
proxy,0,0
clove,0,0
duets,0,0
dregs,0,0
tardy,0,0
briar,0,0
grimy,0,0
ultra,0,0
meaty,0,0
halve,0,0
wails,0,0
suede,0,0
mauve,0,0
envoy,0,0
arson,0,0
coves,0,0
gooey,0,0
brews,0,0
sofas,0,0
chums,0,0
amaze,0,0
zooms,0,0
abbot,0,0
halos,0,0
scour,0,0
suing,0,0
cribs,0,0
sagas,0,0
enema,0,0
wordy,0,0
harps,0,0
coupe,0,0
molar,0,0
flops,0,0
weeps,0,0
mints,0,0
ashen,0,0
felts,0,0
askew,0,0
munch,0,0
mewed,0,0
divan,0,0
vices,0,0
jumbo,0,0
blobs,0,0
blots,0,0
spunk,0,0
acrid,0,0
topaz,0,0
cubed,0,0
clans,0,0
flees,0,0
slurs,0,0
gnaws,0,0
welds,0,0
fords,0,0
emits,0,0
agate,0,0
pumas,0,0
mends,0,0
darks,0,0
dukes,0,0
plies,0,0
canny,0,0
hoots,0,0
oozes,0,0
lamed,0,0
fouls,0,0
clefs,0,0
nicks,0,0
mated,0,0
skims,0,0
brunt,0,0
tuber,0,0
tinge,0,0
fates,0,0
ditty,0,0
thins,0,0
frets,0,0
eider,0,0
bayou,0,0
mulch,0,0
fasts,0,0
amass,0,0
damps,0,0
morns,0,0
friar,0,0
palsy,0,0
vista,0,0
croon,0,0
conch,0,0
udder,0,0
tacos,0,0
skits,0,0
mikes,0,0
quits,0,0
preen,0,0
aster,0,0
adder,0,0
elegy,0,0
pulpy,0,0
scows,0,0
baled,0,0
hovel,0,0
lavas,0,0
crave,0,0
optic,0,0
welts,0,0
busts,0,0
knave,0,0
razed,0,0
shins,0,0
totes,0,0
scoot,0,0
dears,0,0
crock,0,0
mutes,0,0
trims,0,0
skein,0,0
doted,0,0
shuns,0,0
veers,0,0
fakes,0,0
yoked,0,0
wooed,0,0
hacks,0,0
sprig,0,0
wands,0,0
lulls,0,0
seers,0,0
snobs,0,0
nooks,0,0
pined,0,0
perky,0,0
mooed,0,0
frill,0,0
dines,0,0
booze,0,0
tripe,0,0
prong,0,0
drips,0,0
odder,0,0
levee,0,0
antic,0,0
sidle,0,0
pithy,0,0
corks,0,0
yelps,0,0
joker,0,0
fleck,0,0
buffs,0,0
scram,0,0
tiers,0,0
bogey,0,0
doled,0,0
irate,0,0
vales,0,0
coped,0,0
hails,0,0
elude,0,0
bulks,0,0
aired,0,0
vying,0,0
stags,0,0
strew,0,0
cocci,0,0
pacts,0,0
scabs,0,0
silos,0,0
dusts,0,0
yodel,0,0
terse,0,0
jaded,0,0
baser,0,0
jibes,0,0
foils,0,0
sways,0,0
forgo,0,0
slays,0,0
preys,0,0
treks,0,0
quell,0,0
peeks,0,0
assay,0,0
lurks,0,0
eject,0,0
boars,0,0
trite,0,0
belch,0,0
gnash,0,0
wanes,0,0
lutes,0,0
whims,0,0
dosed,0,0
chewy,0,0
snipe,0,0
umbra,0,0
teems,0,0
dozes,0,0
kelps,0,0
upped,0,0
brawn,0,0
doped,0,0
shush,0,0
rinds,0,0
slush,0,0
moron,0,0
voile,0,0
woken,0,0
fjord,0,0
sheik,0,0
jests,0,0
kayak,0,0
slews,0,0
toted,0,0
saner,0,0
drape,0,0
patty,0,0
raves,0,0
sulfa,0,0
grist,0,0
skied,0,0
vixen,0,0
civet,0,0
vouch,0,0
tiara,0,0
homey,0,0
moped,0,0
runts,0,0
serge,0,0
kinky,0,0
rills,0,0
corns,0,0
brats,0,0
pries,0,0
amble,0,0
fries,0,0
loons,0,0
tsars,0,0
datum,0,0
musky,0,0
pigmy,0,0
gnome,0,0
ravel,0,0
ovule,0,0
icily,0,0
liken,0,0
lemur,0,0
frays,0,0
silts,0,0
sifts,0,0
plods,0,0
ramps,0,0
tress,0,0
earls,0,0
dudes,0,0
waive,0,0
karat,0,0
jolts,0,0
peons,0,0
beers,0,0
horny,0,0
pales,0,0
wreak,0,0
lairs,0,0
lynch,0,0
stank,0,0
swoon,0,0
idler,0,0
abort,0,0
blitz,0,0
ensue,0,0
atone,0,0
bingo,0,0
roves,0,0
kilts,0,0
scald,0,0
adios,0,0
cynic,0,0
dulls,0,0
memos,0,0
elfin,0,0
dales,0,0
peels,0,0
peals,0,0
bares,0,0
sinus,0,0
crone,0,0
sable,0,0
hinds,0,0
shirk,0,0
enrol,0,0
wilts,0,0
roams,0,0
duped,0,0
cysts,0,0
mitts,0,0
safes,0,0
spats,0,0
coops,0,0
filet,0,0
knell,0,0
refit,0,0
covey,0,0
punks,0,0
kilns,0,0
fitly,0,0
abate,0,0
talcs,0,0
heeds,0,0
duels,0,0
wanly,0,0
ruffs,0,0
gauss,0,0
lapel,0,0
jaunt,0,0
whelp,0,0
cleat,0,0
gauzy,0,0
dirge,0,0
edits,0,0
wormy,0,0
moats,0,0
smear,0,0
prods,0,0
bowel,0,0
frisk,0,0
vests,0,0
bayed,0,0
rasps,0,0
tames,0,0
delve,0,0
embed,0,0
befit,0,0
wafer,0,0
ceded,0,0
novas,0,0
feign,0,0
spews,0,0
larch,0,0
huffs,0,0
doles,0,0
mamas,0,0
hulks,0,0
pried,0,0
brims,0,0
irked,0,0
aspic,0,0
swipe,0,0
mealy,0,0
skimp,0,0
bluer,0,0
slake,0,0
dowdy,0,0
penis,0,0
brays,0,0
pupas,0,0
egret,0,0
flunk,0,0
phlox,0,0
gripe,0,0
peony,0,0
douse,0,0
blurs,0,0
darns,0,0
slunk,0,0
lefts,0,0
chats,0,0
inane,0,0
vials,0,0
stilt,0,0
rinks,0,0
woofs,0,0
wowed,0,0
bongs,0,0
frond,0,0
ingot,0,0
evict,0,0
singe,0,0
shyer,0,0
flied,0,0
slops,0,0
dolts,0,0
drool,0,0
dells,0,0
whelk,0,0
hippy,0,0
feted,0,0
ether,0,0
cocos,0,0
hives,0,0
jibed,0,0
mazes,0,0
trios,0,0
sirup,0,0
squab,0,0
laths,0,0
leers,0,0
pasta,0,0
rifts,0,0
lopes,0,0
alias,0,0
whirs,0,0
diced,0,0
slags,0,0
lodes,0,0
foxed,0,0
idled,0,0
prows,0,0
plait,0,0
malts,0,0
chafe,0,0
cower,0,0
toyed,0,0
chefs,0,0
keels,0,0
sties,0,0
racer,0,0
etude,0,0
sucks,0,0
sulks,0,0
micas,0,0
czars,0,0
copse,0,0
ailed,0,0
abler,0,0
rabid,0,0
golds,0,0
croup,0,0
snaky,0,0
visas,0,0
palls,0,0
mopes,0,0
boned,0,0
wispy,0,0
raved,0,0
swaps,0,0
junky,0,0
doily,0,0
pawns,0,0
tamer,0,0
poach,0,0
baits,0,0
damns,0,0
gumbo,0,0
daunt,0,0
prank,0,0
hunks,0,0
buxom,0,0
heres,0,0
honks,0,0
stows,0,0
unbar,0,0
idles,0,0
routs,0,0
sages,0,0
goads,0,0
remit,0,0
copes,0,0
deign,0,0
culls,0,0
girds,0,0
haves,0,0
lucks,0,0
stunk,0,0
dodos,0,0
shams,0,0
snubs,0,0
icons,0,0
usurp,0,0
dooms,0,0
hells,0,0
soled,0,0
comas,0,0
paves,0,0
maths,0,0
perks,0,0
limps,0,0
wombs,0,0
blurb,0,0
daubs,0,0
cokes,0,0
sours,0,0
stuns,0,0
cased,0,0
musts,0,0
coeds,0,0
cowed,0,0
aping,0,0
zoned,0,0
rummy,0,0
fetes,0,0
skulk,0,0
quaff,0,0
rajah,0,0
deans,0,0
reaps,0,0
galas,0,0
tills,0,0
roved,0,0
kudos,0,0
toned,0,0
pared,0,0
scull,0,0
vexes,0,0
punts,0,0
snoop,0,0
bails,0,0
dames,0,0
hazes,0,0
lores,0,0
marts,0,0
voids,0,0
ameba,0,0
rakes,0,0
adzes,0,0
harms,0,0
rears,0,0
satyr,0,0
swill,0,0
hexes,0,0
colic,0,0
leeks,0,0
hurls,0,0
yowls,0,0
ivies,0,0
plops,0,0
musks,0,0
papaw,0,0
jells,0,0
bused,0,0
cruet,0,0
bided,0,0
filch,0,0
zests,0,0
rooks,0,0
laxly,0,0
rends,0,0
loams,0,0
basks,0,0
sires,0,0
carps,0,0
pokey,0,0
flits,0,0
muses,0,0
bawls,0,0
shuck,0,0
viler,0,0
lisps,0,0
peeps,0,0
sorer,0,0
lolls,0,0
prude,0,0
diked,0,0
floss,0,0
flogs,0,0
scums,0,0
dopes,0,0
bogie,0,0
pinky,0,0
leafs,0,0
tubas,0,0
scads,0,0
lowed,0,0
yeses,0,0
biked,0,0
qualm,0,0
evens,0,0
caned,0,0
gawks,0,0
whits,0,0
wooly,0,0
gluts,0,0
romps,0,0
bests,0,0
dunce,0,0
crony,0,0
joist,0,0
tunas,0,0
boner,0,0
malls,0,0
parch,0,0
avers,0,0
crams,0,0
pares,0,0
dally,0,0
bigot,0,0
kales,0,0
flays,0,0
leach,0,0
gushy,0,0
pooch,0,0
huger,0,0
slyer,0,0
golfs,0,0
mires,0,0
flues,0,0
loafs,0,0
arced,0,0
acnes,0,0
neons,0,0
fiefs,0,0
dints,0,0
dazes,0,0
pouts,0,0
cored,0,0
yules,0,0
lilts,0,0
beefs,0,0
mutts,0,0
fells,0,0
cowls,0,0
spuds,0,0
lames,0,0
jawed,0,0
dupes,0,0
deads,0,0
bylaw,0,0
noons,0,0
nifty,0,0
clued,0,0
vireo,0,0
gapes,0,0
metes,0,0
cuter,0,0
maims,0,0
droll,0,0
cupid,0,0
mauls,0,0
sedge,0,0
papas,0,0
wheys,0,0
eking,0,0
loots,0,0
hilts,0,0
meows,0,0
beaus,0,0
dices,0,0
peppy,0,0
riper,0,0
fogey,0,0
gists,0,0
yogas,0,0
gilts,0,0
skews,0,0
cedes,0,0
zeals,0,0
alums,0,0
okays,0,0
elope,0,0
grump,0,0
wafts,0,0
soots,0,0
blimp,0,0
hefts,0,0
mulls,0,0
hosed,0,0
cress,0,0
doffs,0,0
ruder,0,0
pixie,0,0
waifs,0,0
ousts,0,0
pucks,0,0
biers,0,0
gulch,0,0
suets,0,0
hobos,0,0
lints,0,0
brans,0,0
teals,0,0
garbs,0,0
pewee,0,0
helms,0,0
turfs,0,0
quips,0,0
wends,0,0
banes,0,0
napes,0,0
icier,0,0
swats,0,0
bagel,0,0
hexed,0,0
ogres,0,0
goner,0,0
gilds,0,0
pyres,0,0
lards,0,0
bides,0,0
paged,0,0
talon,0,0
flout,0,0
medic,0,0
veals,0,0
putts,0,0
dirks,0,0
dotes,0,0
tippy,0,0
blurt,0,0
piths,0,0
acing,0,0
barer,0,0
whets,0,0
gaits,0,0
wools,0,0
dunks,0,0
heros,0,0
swabs,0,0
dirts,0,0
jutes,0,0
hemps,0,0
surfs,0,0
okapi,0,0
chows,0,0
shoos,0,0
dusks,0,0
parry,0,0
decal,0,0
furls,0,0
cilia,0,0
sears,0,0
novae,0,0
murks,0,0
warps,0,0
slues,0,0
lamer,0,0
saris,0,0
weans,0,0
purrs,0,0
dills,0,0
togas,0,0
newts,0,0
meany,0,0
bunts,0,0
razes,0,0
goons,0,0
wicks,0,0
ruses,0,0
vends,0,0
geode,0,0
drake,0,0
judos,0,0
lofts,0,0
pulps,0,0
lauds,0,0
mucks,0,0
vises,0,0
mocha,0,0
oiled,0,0
roman,0,0
ethyl,0,0
gotta,0,0
fugue,0,0
smack,0,0
gourd,0,0
bumpy,0,0
radix,0,0
fatty,0,0
borax,0,0
cubit,0,0
cacti,0,0
gamma,0,0
focal,0,0
avail,0,0
papal,0,0
golly,0,0
elite,0,0
versa,0,0
billy,0,0
adieu,0,0
annum,0,0
howdy,0,0
rhino,0,0
norms,0,0
bobby,0,0
axiom,0,0
setup,0,0
yolks,0,0
terns,0,0
mixer,0,0
genre,0,0
knoll,0,0
abode,0,0
junta,0,0
gorge,0,0
combo,0,0
alpha,0,0
overt,0,0
kinda,0,0
spelt,0,0
prick,0,0
nobly,0,0
ephod,0,0
audio,0,0
modal,0,0
veldt,0,0
warty,0,0
fluke,0,0
bonny,0,0
bream,0,0
rosin,0,0
bolls,0,0
doers,0,0
downs,0,0
beady,0,0
motif,0,0
humph,0,0
fella,0,0
mould,0,0
crepe,0,0
kerns,0,0
aloha,0,0
glyph,0,0
azure,0,0
riser,0,0
blest,0,0
locus,0,0
lumpy,0,0
beryl,0,0
wanna,0,0
brier,0,0
tuner,0,0
rowdy,0,0
mural,0,0
timer,0,0
canst,0,0
krill,0,0
quoth,0,0
lemme,0,0
triad,0,0
tenon,0,0
amply,0,0
deeps,0,0
padre,0,0
leant,0,0
pacer,0,0
octal,0,0
dolly,0,0
trans,0,0
sumac,0,0
foamy,0,0
lolly,0,0
giver,0,0
quipu,0,0
codex,0,0
manna,0,0
unwed,0,0
vodka,0,0
ferny,0,0
salon,0,0
duple,0,0
boron,0,0
revue,0,0
crier,0,0
alack,0,0
inter,0,0
dilly,0,0
whist,0,0
cults,0,0
spake,0,0
reset,0,0
loess,0,0
decor,0,0
mover,0,0
verve,0,0
ethic,0,0
gamut,0,0
lingo,0,0
dunno,0,0
align,0,0
sissy,0,0
incur,0,0
reedy,0,0
avant,0,0
piper,0,0
waxer,0,0
calyx,0,0
basil,0,0
coons,0,0
seine,0,0
piney,0,0
lemma,0,0
trams,0,0
winch,0,0
whirr,0,0
saith,0,0
ionic,0,0
heady,0,0
harem,0,0
tummy,0,0
sally,0,0
shied,0,0
dross,0,0
farad,0,0
saver,0,0
tilde,0,0
jingo,0,0
bower,0,0
serif,0,0
facto,0,0
belle,0,0
inset,0,0
bogus,0,0
caved,0,0
forte,0,0
sooty,0,0
bongo,0,0
toves,0,0
credo,0,0
basal,0,0
yella,0,0
aglow,0,0
glean,0,0
gusto,0,0
hymen,0,0
ethos,0,0
terra,0,0
brash,0,0
scrip,0,0
swash,0,0
aleph,0,0
tinny,0,0
itchy,0,0
wanta,0,0
trice,0,0
jowls,0,0
gongs,0,0
garde,0,0
boric,0,0
twill,0,0
sower,0,0
henry,0,0
awash,0,0
libel,0,0
spurn,0,0
sabre,0,0
rebut,0,0
penal,0,0
obese,0,0
sonny,0,0
quirt,0,0
mebbe,0,0
tacit,0,0
greek,0,0
xenon,0,0
hullo,0,0
pique,0,0
roger,0,0
negro,0,0
hadst,0,0
gecko,0,0
beget,0,0
uncut,0,0
aloes,0,0
louis,0,0
quint,0,0
clunk,0,0
raped,0,0
salvo,0,0
diode,0,0
matey,0,0
hertz,0,0
xylem,0,0
kiosk,0,0
apace,0,0
cawed,0,0
peter,0,0
wench,0,0
cohos,0,0
sorta,0,0
gamba,0,0
bytes,0,0
tango,0,0
nutty,0,0
axial,0,0
aleck,0,0
natal,0,0
clomp,0,0
gored,0,0
siree,0,0
bandy,0,0
gunny,0,0
runic,0,0
whizz,0,0
rupee,0,0
fated,0,0
wiper,0,0
bards,0,0
briny,0,0
staid,0,0
hocks,0,0
ochre,0,0
yummy,0,0
gents,0,0
soupy,0,0
roper,0,0
swath,0,0
cameo,0,0
edger,0,0
spate,0,0
gimme,0,0
ebbed,0,0
breve,0,0
theta,0,0
deems,0,0
dykes,0,0
servo,0,0
telly,0,0
tabby,0,0
tares,0,0
blocs,0,0
welch,0,0
ghoul,0,0
vitae,0,0
cumin,0,0
dinky,0,0
bronc,0,0
tabor,0,0
teeny,0,0
comer,0,0
borer,0,0
sired,0,0
privy,0,0
mammy,0,0
deary,0,0
gyros,0,0
sprit,0,0
conga,0,0
quire,0,0
thugs,0,0
furor,0,0
bloke,0,0
runes,0,0
bawdy,0,0
cadre,0,0
toxin,0,0
annul,0,0
egged,0,0
anion,0,0
nodes,0,0
picky,0,0
stein,0,0
jello,0,0
audit,0,0
echos,0,0
fagot,0,0
letup,0,0
eyrie,0,0
fount,0,0
caped,0,0
axons,0,0
amuck,0,0
banal,0,0
riled,0,0
petit,0,0
umber,0,0
miler,0,0
fibre,0,0
agave,0,0
bated,0,0
bilge,0,0
vitro,0,0
feint,0,0
pudgy,0,0
mater,0,0
manic,0,0
umped,0,0
pesky,0,0
strep,0,0
slurp,0,0
pylon,0,0
puree,0,0
caret,0,0
temps,0,0
newel,0,0
yawns,0,0
seedy,0,0
treed,0,0
coups,0,0
rangy,0,0
brads,0,0
mangy,0,0
loner,0,0
circa,0,0
tibia,0,0
afoul,0,0
mommy,0,0
titer,0,0
carne,0,0
kooky,0,0
motes,0,0
amity,0,0
suave,0,0
hippo,0,0
curvy,0,0
samba,0,0
newsy,0,0
anise,0,0
imams,0,0
tulle,0,0
aways,0,0
liven,0,0
hallo,0,0
wales,0,0
opted,0,0
canto,0,0
idyll,0,0
bodes,0,0
curio,0,0
wrack,0,0
hiker,0,0
chive,0,0
yokel,0,0
dotty,0,0
demur,0,0
cusps,0,0
specs,0,0
quads,0,0
laity,0,0
toner,0,0
decry,0,0
writs,0,0
saute,0,0
clack,0,0
aught,0,0
logos,0,0
tipsy,0,0
natty,0,0
ducal,0,0
bidet,0,0
bulgy,0,0
metre,0,0
lusts,0,0
unary,0,0
goeth,0,0
baler,0,0
sited,0,0
shies,0,0
hasps,0,0
brung,0,0
holed,0,0
swank,0,0
looky,0,0
melee,0,0
huffy,0,0
loamy,0,0
pimps,0,0
titan,0,0
binge,0,0
shunt,0,0
femur,0,0
libra,0,0
seder,0,0
honed,0,0
annas,0,0
coypu,0,0
shims,0,0
zowie,0,0
jihad,0,0
savvy,0,0
nadir,0,0
basso,0,0
monic,0,0
maned,0,0
mousy,0,0
omega,0,0
laver,0,0
prima,0,0
picas,0,0
folio,0,0
mecca,0,0
reals,0,0
troth,0,0
testy,0,0
balky,0,0
crimp,0,0
chink,0,0
abets,0,0
splat,0,0
abaci,0,0
vaunt,0,0
cutie,0,0
pasty,0,0
moray,0,0
levis,0,0
ratty,0,0
islet,0,0
joust,0,0
motet,0,0
viral,0,0
nukes,0,0
grads,0,0
comfy,0,0
voila,0,0
woozy,0,0
blued,0,0
whomp,0,0
sward,0,0
metro,0,0
skeet,0,0
chine,0,0
aerie,0,0
bowie,0,0
tubby,0,0
emirs,0,0
coati,0,0
unzip,0,0
slobs,0,0
trike,0,0
funky,0,0
ducat,0,0
dewey,0,0
skoal,0,0
wadis,0,0
oomph,0,0
taker,0,0
minim,0,0
getup,0,0
stoic,0,0
synod,0,0
runty,0,0
flyby,0,0
braze,0,0
inlay,0,0
venue,0,0
louts,0,0
peaty,0,0
orlon,0,0
humpy,0,0
radon,0,0
beaut,0,0
raspy,0,0
unfed,0,0
crick,0,0
nappy,0,0
vizor,0,0
yipes,0,0
rebus,0,0
divot,0,0
kiwis,0,0
vetch,0,0
squib,0,0
sitar,0,0
kiddo,0,0
dyers,0,0
cotta,0,0
matzo,0,0
lager,0,0
zebus,0,0
crass,0,0
dacha,0,0
kneed,0,0
dicta,0,0
fakir,0,0
knurl,0,0
runny,0,0
unpin,0,0
julep,0,0
globs,0,0
nudes,0,0
sushi,0,0
tacky,0,0
stoke,0,0
kaput,0,0
butch,0,0
hulas,0,0
croft,0,0
achoo,0,0
genii,0,0
nodal,0,0
outgo,0,0
spiel,0,0
viols,0,0
fetid,0,0
cagey,0,0
fudgy,0,0
epoxy,0,0
leggy,0,0
hanky,0,0
lapis,0,0
felon,0,0
beefy,0,0
coots,0,0
melba,0,0
caddy,0,0
segue,0,0
betel,0,0
frizz,0,0
drear,0,0
kooks,0,0
turbo,0,0
hoagy,0,0
moult,0,0
helix,0,0
zonal,0,0
arias,0,0
nosey,0,0
paean,0,0
lacey,0,0
banns,0,0
swain,0,0
fryer,0,0
retch,0,0
tenet,0,0
gigas,0,0
whiny,0,0
ogled,0,0
rumen,0,0
begot,0,0
cruse,0,0
abuts,0,0
riven,0,0
balks,0,0
sines,0,0
sigma,0,0
abase,0,0
ennui,0,0
gores,0,0
unset,0,0
augur,0,0
sated,0,0
odium,0,0
latin,0,0
dings,0,0
moire,0,0
scion,0,0
henna,0,0
kraut,0,0
dicks,0,0
lifer,0,0
prigs,0,0
bebop,0,0
gages,0,0
gazer,0,0
fanny,0,0
gibes,0,0
aural,0,0
tempi,0,0
hooch,0,0
rapes,0,0
snuck,0,0
harts,0,0
techs,0,0
emend,0,0
ninny,0,0
guava,0,0
scarp,0,0
liege,0,0
tufty,0,0
sepia,0,0
tomes,0,0
carob,0,0
emcee,0,0
prams,0,0
poser,0,0
verso,0,0
hubba,0,0
joule,0,0
baize,0,0
blips,0,0
scrim,0,0
cubby,0,0
clave,0,0
winos,0,0
rearm,0,0
liens,0,0
lumen,0,0
chump,0,0
nanny,0,0
trump,0,0
fichu,0,0
chomp,0,0
homos,0,0
purty,0,0
maser,0,0
woosh,0,0
patsy,0,0
shill,0,0
rusks,0,0
avast,0,0
swami,0,0
boded,0,0
ahhhh,0,0
lobed,0,0
natch,0,0
shish,0,0
tansy,0,0
snoot,0,0
payer,0,0
altho,0,0
sappy,0,0
laxer,0,0
hubby,0,0
aegis,0,0
riles,0,0
ditto,0,0
jazzy,0,0
dingo,0,0
quasi,0,0
septa,0,0
peaky,0,0
lorry,0,0
heerd,0,0
bitty,0,0
payee,0,0
seamy,0,0
apses,0,0
imbue,0,0
belie,0,0
chary,0,0
spoof,0,0
phyla,0,0
clime,0,0
babel,0,0
wacky,0,0
sumps,0,0
skids,0,0
khans,0,0
crypt,0,0
inure,0,0
nonce,0,0
outen,0,0
faire,0,0
hooey,0,0
anole,0,0
kazoo,0,0
calve,0,0
limbo,0,0
argot,0,0
ducky,0,0
faker,0,0
vibes,0,0
gassy,0,0
unlit,0,0
nervy,0,0
femme,0,0
biter,0,0
fiche,0,0
boors,0,0
gaffe,0,0
saxes,0,0
recap,0,0
synch,0,0
facie,0,0
dicey,0,0
ouija,0,0
hewer,0,0
legit,0,0
gurus,0,0
edify,0,0
tweak,0,0
caron,0,0
typos,0,0
rerun,0,0
polly,0,0
surds,0,0
hamza,0,0
nulls,0,0
hater,0,0
lefty,0,0
mogul,0,0
mafia,0,0
debug,0,0
pates,0,0
blabs,0,0
splay,0,0
talus,0,0
porno,0,0
moola,0,0
nixed,0,0
kilos,0,0
snide,0,0
horsy,0,0
gesso,0,0
jaggy,0,0
trove,0,0
nixes,0,0
creel,0,0
pater,0,0
iotas,0,0
cadge,0,0
skyed,0,0
hokum,0,0
furze,0,0
ankhs,0,0
curie,0,0
nutsy,0,0
hilum,0,0
remix,0,0
angst,0,0
burls,0,0
jimmy,0,0
veiny,0,0
tryst,0,0
codon,0,0
befog,0,0
gamed,0,0
flume,0,0
axman,0,0
doozy,0,0
lubes,0,0
rheas,0,0
bozos,0,0
butyl,0,0
kelly,0,0
mynah,0,0
jocks,0,0
donut,0,0
avian,0,0
wurst,0,0
chock,0,0
quash,0,0
quals,0,0
hayed,0,0
bombe,0,0
cushy,0,0
spacy,0,0
puked,0,0
leery,0,0
thews,0,0
prink,0,0
amens,0,0
tesla,0,0
intro,0,0
fiver,0,0
frump,0,0
capos,0,0
opine,0,0
coder,0,0
namer,0,0
jowly,0,0
pukes,0,0
haled,0,0
chard,0,0
duffs,0,0
bruin,0,0
reuse,0,0
whang,0,0
toons,0,0
frats,0,0
silty,0,0
telex,0,0
cutup,0,0
nisei,0,0
neato,0,0
decaf,0,0
softy,0,0
bimbo,0,0
adlib,0,0
loony,0,0
shoed,0,0
agues,0,0
peeve,0,0
noway,0,0
gamey,0,0
sarge,0,0
reran,0,0
epact,0,0
potty,0,0
coned,0,0
upend,0,0
narco,0,0
ikats,0,0
whorl,0,0
jinks,0,0
tizzy,0,0
weepy,0,0
posit,0,0
marge,0,0
vegan,0,0
clops,0,0
numbs,0,0
reeks,0,0
rubes,0,0
rower,0,0
biped,0,0
tiffs,0,0
hocus,0,0
hammy,0,0
bunco,0,0
fixit,0,0
tykes,0,0
chaws,0,0
yucky,0,0
hokey,0,0
resew,0,0
maven,0,0
adman,0,0
scuzz,0,0
slogs,0,0
souse,0,0
nacho,0,0
mimed,0,0
melds,0,0
boffo,0,0
debit,0,0
pinup,0,0
vagus,0,0
gulag,0,0
randy,0,0
bosun,0,0
educe,0,0
faxes,0,0
auras,0,0
pesto,0,0
antsy,0,0
betas,0,0
fizzy,0,0
dorky,0,0
snits,0,0
moxie,0,0
thane,0,0
mylar,0,0
nobby,0,0
gamin,0,0
gouty,0,0
esses,0,0
goyim,0,0
paned,0,0
druid,0,0
jades,0,0
rehab,0,0
gofer,0,0
tzars,0,0
octet,0,0
homed,0,0
socko,0,0
dorks,0,0
eared,0,0
anted,0,0
elide,0,0
fazes,0,0
oxbow,0,0
dowse,0,0
situs,0,0
macaw,0,0
scone,0,0
drily,0,0
hyper,0,0
salsa,0,0
mooch,0,0
gated,0,0
unjam,0,0
lipid,0,0
mitre,0,0
venal,0,0
knish,0,0
ritzy,0,0
divas,0,0
torus,0,0
mange,0,0
dimer,0,0
recut,0,0
meson,0,0
wined,0,0
fends,0,0
phage,0,0
fiats,0,0
caulk,0,0
cavil,0,0
panty,0,0
roans,0,0
bilks,0,0
hones,0,0
botch,0,0
estop,0,0
sully,0,0
sooth,0,0
gelds,0,0
ahold,0,0
raper,0,0
pager,0,0
fixer,0,0
infix,0,0
hicks,0,0
tuxes,0,0
plebe,0,0
twits,0,0
abash,0,0
twixt,0,0
wacko,0,0
primp,0,0
nabla,0,0
girts,0,0
miffs,0,0
emote,0,0
xerox,0,0
rebid,0,0
shahs,0,0
rutty,0,0
grout,0,0
grift,0,0
deify,0,0
biddy,0,0
kopek,0,0
semis,0,0
bries,0,0
acmes,0,0
piton,0,0
hussy,0,0
torts,0,0
disco,0,0
whore,0,0
boozy,0,0
gibed,0,0
vamps,0,0
amour,0,0
soppy,0,0
gonzo,0,0
durst,0,0
wader,0,0
tutus,0,0
perms,0,0
catty,0,0
glitz,0,0
brigs,0,0
nerds,0,0
barmy,0,0
gizmo,0,0
owlet,0,0
sayer,0,0
molls,0,0
shard,0,0
whops,0,0
comps,0,0
corer,0,0
colas,0,0
matte,0,0
droid,0,0
ploys,0,0
vapid,0,0
cairn,0,0
deism,0,0
mixup,0,0
yikes,0,0
prosy,0,0
raker,0,0
flubs,0,0
whish,0,0
reify,0,0
craps,0,0
shags,0,0
clone,0,0
hazed,0,0
macho,0,0
recto,0,0
refix,0,0
drams,0,0
biker,0,0
aquas,0,0
porky,0,0
doyen,0,0
exude,0,0
goofs,0,0
divvy,0,0
noels,0,0
jived,0,0
hulky,0,0
cager,0,0
harpy,0,0
oldie,0,0
vivas,0,0
admix,0,0
codas,0,0
zilch,0,0
deist,0,0
orcas,0,0
retro,0,0
pilaf,0,0
parse,0,0
rants,0,0
zingy,0,0
toddy,0,0
chiff,0,0
micro,0,0
veeps,0,0
girly,0,0
nexus,0,0
demos,0,0
bibbs,0,0
antes,0,0
lulus,0,0
gnarl,0,0
zippy,0,0
ivied,0,0
epees,0,0
wimps,0,0
tromp,0,0
grail,0,0
yoyos,0,0
poufs,0,0
hales,0,0
roust,0,0
cabal,0,0
rawer,0,0
pampa,0,0
mosey,0,0
kefir,0,0
burgs,0,0
unmet,0,0
cuspy,0,0
boobs,0,0
boons,0,0
hypes,0,0
dynes,0,0
nards,0,0
lanai,0,0
yogis,0,0
sepal,0,0
quark,0,0
toked,0,0
prate,0,0
ayins,0,0
hawed,0,0
swigs,0,0
vitas,0,0
toker,0,0
doper,0,0
bossa,0,0
linty,0,0
foist,0,0
mondo,0,0
stash,0,0
kayos,0,0
twerp,0,0
zesty,0,0
capon,0,0
wimpy,0,0
rewed,0,0
fungo,0,0
tarot,0,0
frosh,0,0
kabob,0,0
pinko,0,0
redid,0,0
mimeo,0,0
heist,0,0
tarps,0,0
lamas,0,0
sutra,0,0
dinar,0,0
whams,0,0
busty,0,0
spays,0,0
mambo,0,0
nabob,0,0
preps,0,0
odour,0,0
cabby,0,0
conks,0,0
sluff,0,0
dados,0,0
houri,0,0
swart,0,0
balms,0,0
gutsy,0,0
faxed,0,0
egads,0,0
pushy,0,0
retry,0,0
agora,0,0
drubs,0,0
daffy,0,0
chits,0,0
mufti,0,0
karma,0,0
lotto,0,0
toffs,0,0
burps,0,0
deuce,0,0
zings,0,0
kappa,0,0
clads,0,0
doggy,0,0
duper,0,0
scams,0,0
ogler,0,0
mimes,0,0
throe,0,0
zetas,0,0
waled,0,0
promo,0,0
blats,0,0
muffs,0,0
oinks,0,0
viand,0,0
coset,0,0
finks,0,0
faddy,0,0
minis,0,0
snafu,0,0
sauna,0,0
usury,0,0
muxes,0,0
craws,0,0
stats,0,0
condo,0,0
coxes,0,0
loopy,0,0
dorms,0,0
ascot,0,0
dippy,0,0
execs,0,0
dopey,0,0
envoi,0,0
umpty,0,0
gismo,0,0
fazed,0,0
strop,0,0
jives,0,0
slims,0,0
batik,0,0
pings,0,0
sonly,0,0
leggo,0,0
pekoe,0,0
prawn,0,0
luaus,0,0
campy,0,0
oodle,0,0
prexy,0,0
proms,0,0
touts,0,0
ogles,0,0
tweet,0,0
toady,0,0
naiad,0,0
hider,0,0
nuked,0,0
fatso,0,0
sluts,0,0
obits,0,0
narcs,0,0
tyros,0,0
delis,0,0
wooer,0,0
hyped,0,0
poset,0,0
byway,0,0
texas,0,0
scrod,0,0
avows,0,0
futon,0,0
torte,0,0
tuple,0,0
carom,0,0
kebab,0,0
tamps,0,0
jilts,0,0
duals,0,0
artsy,0,0
repro,0,0
modem,0,0
toped,0,0
psych,0,0
sicko,0,0
klutz,0,0
tarns,0,0
coxed,0,0
drays,0,0
cloys,0,0
anded,0,0
piker,0,0
aimer,0,0
suras,0,0
limos,0,0
flack,0,0
hapax,0,0
dutch,0,0
mucky,0,0
shire,0,0
klieg,0,0
staph,0,0
layup,0,0
tokes,0,0
axing,0,0
toper,0,0
duvet,0,0
cowry,0,0
profs,0,0
blahs,0,0
addle,0,0
sudsy,0,0
batty,0,0
coifs,0,0
suety,0,0
gabby,0,0
hafta,0,0
pitas,0,0
gouda,0,0
deice,0,0
taupe,0,0
topes,0,0
duchy,0,0
nitro,0,0
carny,0,0
limey,0,0
orals,0,0
hirer,0,0
taxer,0,0
roils,0,0
ruble,0,0
elate,0,0
dolor,0,0
wryer,0,0
snots,0,0
quais,0,0
coked,0,0
gimel,0,0
gorse,0,0
minas,0,0
goest,0,0
agape,0,0
manta,0,0
jings,0,0
iliac,0,0
admen,0,0
offen,0,0
cills,0,0
offal,0,0
lotta,0,0
bolas,0,0
thwap,0,0
alway,0,0
boggy,0,0
donna,0,0
locos,0,0
belay,0,0
gluey,0,0
bitsy,0,0
mimsy,0,0
hilar,0,0
outta,0,0
vroom,0,0
fetal,0,0
raths,0,0
renal,0,0
dyads,0,0
crocs,0,0
vires,0,0
culpa,0,0
kivas,0,0
feist,0,0
teats,0,0
thats,0,0
yawls,0,0
whens,0,0
abaca,0,0
ohhhh,0,0
aphis,0,0
fusty,0,0
eclat,0,0
perdu,0,0
mayst,0,0
exeat,0,0
molly,0,0
supra,0,0
wetly,0,0
plasm,0,0
buffa,0,0
semen,0,0
pukka,0,0
tagua,0,0
paras,0,0
stoat,0,0
secco,0,0
carte,0,0
haute,0,0
molal,0,0
shads,0,0
forma,0,0
ovoid,0,0
pions,0,0
modus,0,0
bueno,0,0
rheum,0,0
scurf,0,0
parer,0,0
ephah,0,0
doest,0,0
sprue,0,0
flams,0,0
molto,0,0
dieth,0,0
choos,0,0
miked,0,0
bronx,0,0
goopy,0,0
bally,0,0
plumy,0,0
moony,0,0
morts,0,0
yourn,0,0
bipod,0,0
spume,0,0
algal,0,0
ambit,0,0
mucho,0,0
spued,0,0
dozer,0,0
harum,0,0
groat,0,0
skint,0,0
laude,0,0
thrum,0,0
pappy,0,0
oncet,0,0
rimed,0,0
gigue,0,0
limed,0,0
plein,0,0
redly,0,0
humpf,0,0
lites,0,0
seest,0,0
grebe,0,0
absit,0,0
thanx,0,0
pshaw,0,0
yawps,0,0
plats,0,0
payed,0,0
areal,0,0
tilth,0,0
youse,0,0
gwine,0,0
thees,0,0
watsa,0,0
lento,0,0
spitz,0,0
yawed,0,0
gipsy,0,0
sprat,0,0
cornu,0,0
amahs,0,0
blowy,0,0
wahoo,0,0
lubra,0,0
mecum,0,0
whooo,0,0
coqui,0,0
sabra,0,0
edema,0,0
mrads,0,0
dicot,0,0
astro,0,0
kited,0,0
ouzel,0,0
didos,0,0
grata,0,0
bonne,0,0
axmen,0,0
klunk,0,0
summa,0,0
laves,0,0
purls,0,0
yawny,0,0
teary,0,0
masse,0,0
largo,0,0
bazar,0,0
pssst,0,0
sylph,0,0
lulab,0,0
toque,0,0
fugit,0,0
plunk,0,0
ortho,0,0
lucre,0,0
cooch,0,0
whipt,0,0
folky,0,0
tyres,0,0
wheee,0,0
corky,0,0
injun,0,0
solon,0,0
didot,0,0
kerfs,0,0
rayed,0,0
wassa,0,0
chile,0,0
begat,0,0
nippy,0,0
litre,0,0
magna,0,0
rebox,0,0
hydro,0,0
milch,0,0
brent,0,0
gyves,0,0
lazed,0,0
feued,0,0
mavis,0,0
inapt,0,0
baulk,0,0
casus,0,0
scrum,0,0
wised,0,0
fossa,0,0
dower,0,0
kyrie,0,0
bhoys,0,0
scuse,0,0
feuar,0,0
ohmic,0,0
juste,0,0
ukase,0,0
beaux,0,0
tusky,0,0
orate,0,0
musta,0,0
lardy,0,0
intra,0,0
quiff,0,0
epsom,0,0
neath,0,0
ocher,0,0
tared,0,0
homme,0,0
mezzo,0,0
corms,0,0
psoas,0,0
beaky,0,0
terry,0,0
infra,0,0
spivs,0,0
tuans,0,0
belli,0,0
bergs,0,0
anima,0,0
weirs,0,0
mahua,0,0
scops,0,0
manse,0,0
titre,0,0
curia,0,0
kebob,0,0
cycad,0,0
talky,0,0
fucks,0,0
tapis,0,0
amide,0,0
dolce,0,0
sloes,0,0
jakes,0,0
russe,0,0
blash,0,0
tutti,0,0
pruta,0,0
panga,0,0
blebs,0,0
tench,0,0
swarf,0,0
herem,0,0
missy,0,0
merse,0,0
pawky,0,0
limen,0,0
vivre,0,0
chert,0,0
unsee,0,0
tiros,0,0
brack,0,0
foots,0,0
welsh,0,0
fosse,0,0
knops,0,0
ileum,0,0
noire,0,0
firma,0,0
podgy,0,0
laird,0,0
thunk,0,0
shute,0,0
rowan,0,0
shoji,0,0
poesy,0,0
uncap,0,0
fames,0,0
glees,0,0
costa,0,0
turps,0,0
fores,0,0
solum,0,0
imago,0,0
byres,0,0
fondu,0,0
coney,0,0
polis,0,0
dictu,0,0
kraal,0,0
sherd,0,0
mumbo,0,0
wroth,0,0
chars,0,0
unbox,0,0
vacuo,0,0
slued,0,0
weest,0,0
hades,0,0
wiled,0,0
syncs,0,0
muser,0,0
excon,0,0
hoars,0,0
sibyl,0,0
passe,0,0
joeys,0,0
lotsa,0,0
lepta,0,0
shays,0,0
bocks,0,0
endue,0,0
darer,0,0
nones,0,0
ileus,0,0
plash,0,0
busby,0,0
wheal,0,0
buffo,0,0
yobbo,0,0
biles,0,0
poxes,0,0
rooty,0,0
licit,0,0
terce,0,0
bromo,0,0
hayey,0,0
dweeb,0,0
imbed,0,0
saran,0,0
bruit,0,0
punky,0,0
softs,0,0
biffs,0,0
loppy,0,0
agars,0,0
aquae,0,0
livre,0,0
biome,0,0
bunds,0,0
shews,0,0
diems,0,0
ginny,0,0
degum,0,0
polos,0,0
desex,0,0
unman,0,0
dungy,0,0
vitam,0,0
wedgy,0,0
glebe,0,0
apers,0,0
ridgy,0,0
roids,0,0
wifey,0,0
vapes,0,0
whoas,0,0
bunko,0,0
yolky,0,0
ulnas,0,0
reeky,0,0
bodge,0,0
brant,0,0
davit,0,0
deque,0,0
liker,0,0
jenny,0,0
tacts,0,0
fulls,0,0
treap,0,0
ligne,0,0
acked,0,0
refry,0,0
vower,0,0
aargh,0,0
churl,0,0
momma,0,0
gaols,0,0
whump,0,0
arras,0,0
marls,0,0
tiler,0,0
grogs,0,0
memes,0,0
midis,0,0
tided,0,0
haler,0,0
duces,0,0
twiny,0,0
poste,0,0
unrig,0,0
prise,0,0
drabs,0,0
quids,0,0
facer,0,0
spier,0,0
baric,0,0
geoid,0,0
remap,0,0
trier,0,0
gunks,0,0
steno,0,0
stoma,0,0
airer,0,0
ovate,0,0
torah,0,0
apian,0,0
smuts,0,0
pocks,0,0
yurts,0,0
exurb,0,0
defog,0,0
nuder,0,0
bosky,0,0
nimbi,0,0
mothy,0,0
joyed,0,0
labia,0,0
pards,0,0
jammy,0,0
bigly,0,0
faxer,0,0
hoppy,0,0
nurbs,0,0
cotes,0,0
dishy,0,0
vised,0,0
celeb,0,0
pismo,0,0
casas,0,0
withs,0,0
dodgy,0,0
scudi,0,0
mungs,0,0
muons,0,0
ureas,0,0
ioctl,0,0
unhip,0,0
krone,0,0
sager,0,0
verst,0,0
expat,0,0
gronk,0,0
uvula,0,0
shawm,0,0
bilgy,0,0
braes,0,0
cento,0,0
webby,0,0
lippy,0,0
gamic,0,0
lordy,0,0
mazed,0,0
tings,0,0
shoat,0,0
faery,0,0
wirer,0,0
diazo,0,0
carer,0,0
rater,0,0
greps,0,0
rente,0,0
zloty,0,0
viers,0,0
unapt,0,0
poops,0,0
fecal,0,0
kepis,0,0
taxon,0,0
eyers,0,0
wonts,0,0
spina,0,0
stoae,0,0
yenta,0,0
pooey,0,0
buret,0,0
japan,0,0
bedew,0,0
hafts,0,0
selfs,0,0
oared,0,0
herby,0,0
pryer,0,0
oakum,0,0
dinks,0,0
titty,0,0
sepoy,0,0
penes,0,0
fusee,0,0
winey,0,0
gimps,0,0
nihil,0,0
rille,0,0
giber,0,0
ousel,0,0
umiak,0,0
cuppy,0,0
hames,0,0
shits,0,0
azine,0,0
glads,0,0
tacet,0,0
bumph,0,0
coyer,0,0
honky,0,0
gamer,0,0
gooky,0,0
waspy,0,0
sedgy,0,0
bents,0,0
varia,0,0
djinn,0,0
junco,0,0
pubic,0,0
wilco,0,0
lazes,0,0
idyls,0,0
lupus,0,0
rives,0,0
snood,0,0
schmo,0,0
spazz,0,0
finis,0,0
noter,0,0
pavan,0,0
orbed,0,0
bates,0,0
pipet,0,0
baddy,0,0
goers,0,0
shako,0,0
stets,0,0
sebum,0,0
seeth,0,0
lobar,0,0
raver,0,0
ajuga,0,0
riced,0,0
velds,0,0
dribs,0,0
ville,0,0
dhows,0,0
unsew,0,0
halma,0,0
krona,0,0
limby,0,0
jiffs,0,0
treys,0,0
bauds,0,0
pffft,0,0
mimer,0,0
plebs,0,0
caner,0,0
jiber,0,0
cuppa,0,0
washy,0,0
chuff,0,0
unarm,0,0
yukky,0,0
styes,0,0
waker,0,0
flaks,0,0
maces,0,0
rimes,0,0
gimpy,0,0
guano,0,0
liras,0,0
kapok,0,0
scuds,0,0
bwana,0,0
oring,0,0
aider,0,0
prier,0,0
klugy,0,0
monte,0,0
golem,0,0
velar,0,0
firer,0,0
pieta,0,0
umbel,0,0
campo,0,0
unpeg,0,0
fovea,0,0
abeam,0,0
boson,0,0
asker,0,0
goths,0,0
vocab,0,0
vined,0,0
trows,0,0
tikis,0,0
loper,0,0
indie,0,0
boffs,0,0
spang,0,0
grapy,0,0
tater,0,0
ichor,0,0
kilty,0,0
lochs,0,0
supes,0,0
degas,0,0
flics,0,0
torsi,0,0
beths,0,0
weber,0,0
resaw,0,0
lawny,0,0
coven,0,0
mujik,0,0
relet,0,0
therm,0,0
heigh,0,0
shnor,0,0
trued,0,0
zayin,0,0
liest,0,0
barfs,0,0
bassi,0,0
qophs,0,0
roily,0,0
flabs,0,0
punny,0,0
okras,0,0
hanks,0,0
dipso,0,0
nerfs,0,0
fauns,0,0
calla,0,0
pseud,0,0
lurer,0,0
magus,0,0
obeah,0,0
atria,0,0
twink,0,0
palmy,0,0
pocky,0,0
pends,0,0
recta,0,0
plonk,0,0
slaws,0,0
keens,0,0
nicad,0,0
pones,0,0
inker,0,0
whews,0,0
groks,0,0
mosts,0,0
trews,0,0
ulnar,0,0
gyppy,0,0
cocas,0,0
expos,0,0
eruct,0,0
oiler,0,0
vacua,0,0
dreck,0,0
dater,0,0
arums,0,0
tubal,0,0
voxel,0,0
dixit,0,0
beery,0,0
assai,0,0
lades,0,0
actin,0,0
ghoti,0,0
buzzy,0,0
meads,0,0
grody,0,0
ribby,0,0
clews,0,0
creme,0,0
email,0,0
pyxie,0,0
kulak,0,0
bocci,0,0
rived,0,0
duddy,0,0
hoper,0,0
lapin,0,0
wonks,0,0
petri,0,0
phial,0,0
fugal,0,0
holon,0,0
boomy,0,0
duomo,0,0
musos,0,0
shier,0,0
hayer,0,0
porgy,0,0
hived,0,0
litho,0,0
fisty,0,0
stagy,0,0
luvya,0,0
maria,0,0
smogs,0,0
asana,0,0
yogic,0,0
slomo,0,0
fawny,0,0
amine,0,0
wefts,0,0
gonad,0,0
twirp,0,0
brava,0,0
plyer,0,0
fermi,0,0
loges,0,0
niter,0,0
revet,0,0
unate,0,0
gyved,0,0
totty,0,0
zappy,0,0
honer,0,0
giros,0,0
dicer,0,0
calks,0,0
luxes,0,0
monad,0,0
cruft,0,0
quoin,0,0
fumer,0,0
amped,0,0
shlep,0,0
vinca,0,0
yahoo,0,0
vulva,0,0
zooey,0,0
dryad,0,0
nixie,0,0
moper,0,0
iambs,0,0
lunes,0,0
nudie,0,0
limns,0,0
weals,0,0
nohow,0,0
miaow,0,0
gouts,0,0
mynas,0,0
mazer,0,0
kikes,0,0
oxeye,0,0
stoup,0,0
jujus,0,0
debar,0,0
pubes,0,0
taels,0,0
defun,0,0
rands,0,0
blear,0,0
paver,0,0
goosy,0,0
sprog,0,0
oleos,0,0
toffy,0,0
pawer,0,0
maced,0,0
crits,0,0
kluge,0,0
tubed,0,0
sahib,0,0
ganef,0,0
scats,0,0
sputa,0,0
vaned,0,0
acned,0,0
taxol,0,0
plink,0,0
oweth,0,0
tribs,0,0
resay,0,0
boule,0,0
thous,0,0
haply,0,0
glans,0,0
maxis,0,0
bezel,0,0
antis,0,0
porks,0,0
quoit,0,0
alkyd,0,0
glary,0,0
beamy,0,0
hexad,0,0
bonks,0,0
tecum,0,0
kerbs,0,0
filar,0,0
frier,0,0
redux,0,0
abuzz,0,0
fader,0,0
shoer,0,0
couth,0,0
trues,0,0
guyed,0,0
goony,0,0
booky,0,0
fuzes,0,0
hurly,0,0
genet,0,0
hodad,0,0
calix,0,0
filer,0,0
pawls,0,0
iodic,0,0
utero,0,0
henge,0,0
unsay,0,0
liers,0,0
piing,0,0
weald,0,0
sexed,0,0
folic,0,0
poxed,0,0
cunts,0,0
anile,0,0
kiths,0,0
becks,0,0
tatty,0,0
plena,0,0
rebar,0,0
abled,0,0
toyer,0,0
attar,0,0
teaks,0,0
aioli,0,0
awing,0,0
anent,0,0
feces,0,0
redip,0,0
wists,0,0
prats,0,0
mesne,0,0
muter,0,0
smurf,0,0
owest,0,0
bahts,0,0
lossy,0,0
ftped,0,0
hunky,0,0
hoers,0,0
slier,0,0
sicks,0,0
fatly,0,0
delft,0,0
hiver,0,0
himbo,0,0
pengo,0,0
busks,0,0
loxes,0,0
zonks,0,0
ilium,0,0
aport,0,0
ikons,0,0
mulct,0,0
reeve,0,0
civvy,0,0
canna,0,0
barfy,0,0
kaiak,0,0
scudo,0,0
knout,0,0
gaper,0,0
bhang,0,0
pease,0,0
uteri,0,0
lases,0,0
paten,0,0
rasae,0,0
axels,0,0
stoas,0,0
ombre,0,0
styli,0,0
gunky,0,0
hazer,0,0
kenaf,0,0
ahoys,0,0
ammos,0,0
weeny,0,0
urger,0,0
kudzu,0,0
paren,0,0
bolos,0,0
fetor,0,0
nitty,0,0
techy,0,0
lieth,0,0
somas,0,0
darky,0,0
villi,0,0
gluon,0,0
janes,0,0
cants,0,0
farts,0,0
socle,0,0
jinns,0,0
ruing,0,0
slily,0,0
ricer,0,0
hadda,0,0
wowee,0,0
rices,0,0
nerts,0,0
cauls,0,0
swive,0,0
lilty,0,0
micks,0,0
arity,0,0
pasha,0,0
finif,0,0
oinky,0,0
gutty,0,0
tetra,0,0
wises,0,0
wolds,0,0
balds,0,0
picot,0,0
whats,0,0
shiki,0,0
bungs,0,0
snarf,0,0
legos,0,0
dungs,0,0
stogy,0,0
berms,0,0
tangs,0,0
vails,0,0
roods,0,0
morel,0,0
sware,0,0
elans,0,0
latus,0,0
gules,0,0
razer,0,0
doxie,0,0
buena,0,0
overs,0,0
gutta,0,0
zincs,0,0
nates,0,0
kirks,0,0
tikes,0,0
donee,0,0
jerry,0,0
mohel,0,0
ceder,0,0
doges,0,0
unmap,0,0
folia,0,0
rawly,0,0
snark,0,0
topoi,0,0
ceils,0,0
immix,0,0
yores,0,0
diest,0,0
bubba,0,0
pomps,0,0
forky,0,0
turdy,0,0
lawzy,0,0
poohs,0,0
worts,0,0
gloms,0,0
beano,0,0
muley,0,0
barky,0,0
tunny,0,0
auric,0,0
funks,0,0
gaffs,0,0
cordy,0,0
curdy,0,0
lisle,0,0
toric,0,0
soyas,0,0
reman,0,0
mungy,0,0
carpy,0,0
apish,0,0
oaten,0,0
gappy,0,0
aurae,0,0
bract,0,0
rooky,0,0
axled,0,0
burry,0,0
sizer,0,0
proem,0,0
turfy,0,0
impro,0,0
mashy,0,0
miens,0,0
nonny,0,0
olios,0,0
grook,0,0
sates,0,0
agley,0,0
corgi,0,0
dashy,0,0
doser,0,0
dildo,0,0
apsos,0,0
xored,0,0
laker,0,0
playa,0,0
selah,0,0
malty,0,0
dulse,0,0
frigs,0,0
demit,0,0
whoso,0,0
rials,0,0
sawer,0,0
spics,0,0
bedim,0,0
snugs,0,0
fanin,0,0
azoic,0,0
icers,0,0
suers,0,0
wizen,0,0
koine,0,0
topos,0,0
shirr,0,0
rifer,0,0
feral,0,0
laded,0,0
lased,0,0
turds,0,0
swede,0,0
easts,0,0
cozen,0,0
unhit,0,0
pally,0,0
aitch,0,0
sedum,0,0
coper,0,0
ruche,0,0
geeks,0,0
swags,0,0
etext,0,0
algin,0,0
offed,0,0
ninja,0,0
holer,0,0
doter,0,0
toter,0,0
besot,0,0
dicut,0,0
macer,0,0
peens,0,0
pewit,0,0
redox,0,0
poler,0,0
yecch,0,0
fluky,0,0
doeth,0,0
twats,0,0
cruds,0,0
bebug,0,0
bider,0,0
stele,0,0
hexer,0,0
wests,0,0
gluer,0,0
pilau,0,0
abaft,0,0
whelm,0,0
lacer,0,0
inode,0,0
tabus,0,0
gator,0,0
cuing,0,0
refly,0,0
luted,0,0
cukes,0,0
bairn,0,0
bight,0,0
arses,0,0
crump,0,0
loggy,0,0
blini,0,0
spoor,0,0
toyon,0,0
harks,0,0
wazoo,0,0
fenny,0,0
naves,0,0
keyer,0,0
tufas,0,0
morph,0,0
rajas,0,0
typal,0,0
spiff,0,0
oxlip,0,0
unban,0,0
mussy,0,0
finny,0,0
rimer,0,0
login,0,0
molas,0,0
cirri,0,0
huzza,0,0
agone,0,0
unsex,0,0
unwon,0,0
peats,0,0
toile,0,0
zombi,0,0
dewed,0,0
nooky,0,0
alkyl,0,0
ixnay,0,0
dovey,0,0
holey,0,0
cuber,0,0
amyls,0,0
podia,0,0
chino,0,0
apnea,0,0
prims,0,0
lycra,0,0
johns,0,0
primo,0,0
fatwa,0,0
egger,0,0
hempy,0,0
snook,0,0
hying,0,0
fuzed,0,0
barms,0,0
crink,0,0
moots,0,0
yerba,0,0
rhumb,0,0
unarc,0,0
direr,0,0
munge,0,0
eland,0,0
nares,0,0
wrier,0,0
noddy,0,0
atilt,0,0
jukes,0,0
ender,0,0
thens,0,0
unfix,0,0
doggo,0,0
zooks,0,0
diddy,0,0
shmoo,0,0
brusk,0,0
prest,0,0
curer,0,0
pasts,0,0
kelpy,0,0
bocce,0,0
kicky,0,0
taros,0,0
lings,0,0
dicky,0,0
nerdy,0,0
abend,0,0
stela,0,0
biggy,0,0
laved,0,0
baldy,0,0
pubis,0,0
gooks,0,0
wonky,0,0
stied,0,0
hypos,0,0
assed,0,0
spumy,0,0
osier,0,0
roble,0,0
rumba,0,0
biffy,0,0
pupal,0,0
